# Perfil de verosimilitud de CMS para B(Bs->mumu) (x1e-9), digitalizado del PDF vectorial de la Fig. 4
# de CMS, PLB 842 (2023) 137955, arXiv:2212.10311 (CC BY 4.0). Puntos del trazo publicado.
br,m2dlnl
0.0000,156.9644
0.0619,155.0015
0.1275,152.4502
0.1927,149.4381
0.2630,145.6568
0.3244,141.8916
0.3889,137.4697
0.4000,136.6593
0.4435,133.2060
0.4938,128.6653
0.8000,97.7067
0.8917,90.0296
0.9974,81.7681
1.0959,74.5771
1.2000,67.4462
1.2978,61.2104
1.4081,54.7284
1.5219,48.5647
1.6000,44.5945
1.7083,39.4709
1.8266,34.3876
1.9574,29.2897
2.0000,27.7309
2.1201,23.6423
2.2514,19.6721
2.4000,15.7006
2.5455,12.3267
2.6971,9.3507
2.8000,7.5848
2.9557,5.3148
3.1270,3.3549
3.2000,2.6590
3.3695,1.3862
3.5610,0.4790
3.6000,0.3497
3.7870,0.0227
4.0000,0.1726
4.2061,0.7891
4.4000,1.7654
4.6272,3.3579
4.8000,4.8651
5.0513,7.4731
5.2000,9.2290
5.4762,12.8777
5.6000,14.6604
5.8996,19.3277
6.0000,20.9952
6.3272,26.7737
6.4000,28.1198
6.8000,35.8708
7.2000,44.1776
7.6000,52.9462
8.0000,62.1322
