# Sucesos esperados (simulacion) por intervalo de m4l de 3 GeV, para los datos de higgs_4l_cms.csv.
# zz: ZZ -> 4l (fondo irreducible); z_x: Z/gamma* + X (Drell-Yan); ttbar: top-antitop; higgs_125: señal H -> ZZ* -> 4l con mH = 125 GeV.
# Misma fuente que higgs_4l_cms.csv (cuaderno Hunting-the-Higgs-4leptons de CMS Open Data).
m_min,m_max,zz,z_x,ttbar,higgs_125
70.0,73.0,0.181215,0.0,0.00465086,0.00340992
73.0,76.0,0.257161,0.0,0.0,0.00450225
76.0,79.0,0.44846,0.0,0.00465086,0.00808944
79.0,82.0,0.830071,0.0,0.0,0.0080008
82.0,85.0,1.80272,0.0,0.0,0.00801578
85.0,88.0,4.57354,0.354797,0.0,0.0108945
88.0,91.0,13.9677,0.177398,0.0,0.00794274
91.0,94.0,14.0178,2.60481,0.0,0.00950757
94.0,97.0,4.10974,0.0,0.0,0.0130648
97.0,100.0,1.58934,0.0,0.0,0.0163568
100.0,103.0,0.989974,0.0,0.00465086,0.0233832
103.0,106.0,0.839775,0.0,0.0,0.0334813
106.0,109.0,0.887188,0.0,0.0,0.0427229
109.0,112.0,0.967021,0.0,0.0,0.0738129
112.0,115.0,1.07882,0.0,0.0,0.13282
115.0,118.0,1.27942,0.0,0.0,0.256384
118.0,121.0,1.36681,0.0,0.00465086,0.648352
121.0,124.0,1.4333,0.177398,0.0,2.38742
124.0,127.0,1.45141,0.177398,0.0,4.87193
127.0,130.0,1.41572,0.0,0.0,0.944299
130.0,133.0,1.51464,0.177398,0.0,0.155005
133.0,136.0,1.45026,0.0,0.00465086,0.0374193
136.0,139.0,1.47328,0.0,0.00465086,0.0138906
139.0,142.0,1.42899,0.0,0.0,0.00630364
142.0,145.0,1.38757,0.0,0.0,0.00419265
145.0,148.0,1.33561,0.0,0.0139526,0.00358719
148.0,151.0,1.3075,0.0,0.0,0.00122527
151.0,154.0,1.29831,0.0,0.0,0.000885718
154.0,157.0,1.31402,0.0,0.00465086,0.000590479
157.0,160.0,1.30672,0.0,0.0,0.000885718
160.0,163.0,1.36442,0.0,0.0,0.000797085
163.0,166.0,1.39256,0.0,0.0,8.86337e-05
166.0,169.0,1.43472,0.177398,0.00465086,0.000501845
169.0,172.0,1.58321,0.0,0.00465086,8.86337e-05
172.0,175.0,1.85313,0.0,0.0139526,0.000546162
175.0,178.0,2.19304,0.0,0.0,4.43168e-05
178.0,181.0,2.95083,0.0,0.0,8.86337e-05
