# CMS Open Data: sucesos con cuatro leptones (4mu, 4e, 2e2mu) de 2011 (7 TeV, 2.3 fb-1) y 2012 (8 TeV, 11.6 fb-1).
# Fuente: CERN Open Data record 5500, DOI 10.7483/OPENDATA.CMS.JKB8.RR42 (Jomhari, Geiser, Bin Anuar, 2017),
# via github.com/cms-opendata-education/cms-jupyter-materials-english (Data/*.csv), que no declara licencia
# (los datos de CMS Open Data son CC0; el record 5500 es el codigo del analisis, GPL-3.0).
# Energias y momentos en GeV. PID: 11 electron, 13 muon (signo +: particula; -: antiparticula). Q: carga.
# mZ1, mZ2: masas de los dos pares; M: masa invariante de los cuatro leptones.
canal,periodo,Run,Event,PID1,E1,px1,py1,pz1,pt1,eta1,phi1,Q1,PID2,E2,px2,py2,pz2,pt2,eta2,phi2,Q2,PID3,E3,px3,py3,pz3,pt3,eta3,phi3,Q3,PID4,E4,px4,py4,pz4,pt4,eta4,phi4,Q4,mZ1,mZ2,M
4mu,2011,173657,34442568,13,35.9978,32.7631,-4.41922,-14.2436,33.0598,-0.418519,-0.134075,-1,-13,29.0804,-19.3105,-5.31425,21.0837,20.0284,0.918146,-2.87304,1,13,17.3154,-10.8701,-3.64596,12.9753,11.4653,0.971505,-2.81797,-1,-13,11.4939,-1.20978,11.3565,1.29029,11.4207,0.112739,1.67692,1,62.5513,20.5205,91.4517
4mu,2011,166512,337493970,13,52.9826,-49.917,8.17082,15.7696,50.5813,0.306925,2.97934,-1,13,72.1018,15.3284,21.3547,-67.1392,26.2866,-1.66715,0.948222,-1,-13,89.7552,10.3467,-20.2724,86.8214,22.7601,2.04874,-1.09888,1,-13,30.2162,2.32913,-13.0684,27.144,13.2743,1.46351,-1.39442,1,92.1352,90.2049,235.88
4mu,2011,171091,69105221,13,165.975,-12.628,-30.2289,162.71,32.7605,2.30588,-1.96651,-1,-13,68.1611,6.93837,22.8576,63.8382,23.8875,1.70944,1.27609,1,-13,19.5056,4.71517,8.50412,16.9087,9.72383,1.32037,1.06454,1,13,24.8387,-8.09683,3.05681,23.2819,8.65464,1.71561,2.7806,-1,58.3874,14.3541,79.3858
4mu,2011,172952,559839432,13,110.26,-69.151,68.8363,-51.3524,97.572,-0.504613,2.35847,-1,13,88.3199,85.944,-16.8197,-11.451,87.5743,-0.130388,-0.193263,-1,-13,45.0987,-19.9828,-29.1408,-28.0247,35.3341,-0.727298,-2.17188,1,-13,9.79377,3.02072,8.34856,-4.13324,8.87824,-0.450186,1.22363,1,91.1877,37.3758,232.929
4mu,2011,167282,44166176,-13,54.3881,-27.4999,-43.8652,-16.6628,51.7726,-0.316533,-2.13077,1,13,39.8417,31.5353,18.8533,15.4088,36.7413,0.407975,0.538835,-1,-13,20.3208,3.30081,16.0125,12.0677,16.3491,0.683619,1.3675,1,13,6.83735,4.64276,-2.38618,4.41465,5.22007,0.767963,-0.474752,-1,90.7513,14.735,119.29
4mu,2011,172819,298086610,-13,53.1642,17.4985,37.2454,33.6601,41.1512,0.746633,1.13159,1,13,27.0532,-17.2815,-17.6328,11.0589,24.6894,0.434154,-2.34613,-1,13,16.7781,5.8467,-11.9937,10.1716,13.3429,0.702974,-1.11722,-1,-13,22.3313,-3.82954,-8.39217,20.3367,9.22464,1.53157,-1.9989,1,63.6423,13.3843,92.5968
4mu,2011,166438,862270386,-13,29.9073,23.9423,10.4693,14.5463,26.1312,0.531313,0.412221,1,-13,75.9432,-11.9684,-19.7576,72.3447,23.0999,1.85933,-2.11544,1,13,88.5518,-15.8223,5.89078,-86.9273,16.8833,-2.34119,2.78518,-1,13,17.5638,-5.11218,2.26363,16.6498,5.59092,1.81147,2.72475,-1,91.9781,15.0249,211.121
4mu,2011,163817,155679852,13,87.8379,32.6619,-35.0103,-73.6408,47.8803,-1.21567,-0.820087,-1,13,27.1622,-18.6965,13.7248,14.1367,23.1933,0.576967,2.50836,-1,-13,25.1928,-14.3719,1.0851,20.6625,14.4128,1.15737,3.06623,1,-13,17.1924,-6.65008,-3.15624,-15.5364,7.36107,-1.49204,-2.69846,1,92.1075,34.8027,145.663
4mu,2011,173692,292842892,-13,47.5353,-16.3698,32.7288,-30.3389,36.5943,-0.755199,2.03458,1,13,18.198,11.2578,-13.1513,5.6093,17.3117,0.318601,-0.862816,-1,13,11.5706,-11.1768,-1.1966,2.74149,11.2406,0.241535,-3.03494,-1,-13,11.8506,7.19354,-8.50725,4.03802,11.1409,0.354948,-0.868876,1,57.4448,19.8132,86.2909
4mu,2011,172163,191231387,-13,175.289,-2.96003,-45.1287,169.354,45.2256,2.03084,-1.63629,1,13,147.786,22.706,16.7463,145.068,28.2135,2.33987,0.635469,-1,-13,24.5629,-2.69663,24.1532,-3.56053,24.3033,-0.145985,1.68198,1,13,20.4208,-16.2122,12.4085,-0.438977,20.4158,-0.0215001,2.48832,-1,91.2785,87.2163,197.579
4mu,2011,173439,1130676816,-13,38.2051,1.77116,-38.1605,-0.505495,38.2016,-0.0132319,-1.52442,1,-13,27.9181,-9.84383,14.2616,-21.8887,17.329,-1.05576,2.17494,1,13,22.3852,-8.44383,11.5042,-17.2465,14.2704,-1.02144,2.20396,-1,13,18.5585,3.06914,12.7189,-13.1611,13.084,-0.885535,1.33402,-1,50.9997,12.5593,92.1648
4mu,2011,171369,160966858,13,67.3001,64.5811,11.0748,15.36,65.5238,0.232323,0.169834,-1,-13,129.302,-60.9269,19.9339,112.293,64.1049,1.32674,2.82539,1,-13,78.5007,3.41339,-16.7174,76.624,17.0623,2.20736,-1.36938,1,13,17.4511,2.15662,-12.0571,-12.4301,12.2484,-0.891821,-1.3938,-1,90.2317,89.711,220.665
4mu,2011,172208,66033190,-13,174.111,-15.7077,76.4265,155.65,78.024,1.44135,1.7735,1,-13,77.9052,20.829,-55.4564,-50.596,59.239,-0.774357,-1.21151,1,13,43.4982,-43.1316,2.11612,5.22236,43.1835,0.120641,3.09257,-1,13,42.6767,6.75996,42.0596,2.5659,42.5993,0.060197,1.41144,-1,88.5759,96.6304,310.515
4mu,2011,172802,107360878,13,355.588,30.3283,-90.6312,-342.504,95.5711,-1.98848,-1.24788,-1,-13,117.389,-38.4107,66.9903,88.4145,77.221,0.980251,2.09141,1,13,44.7248,24.2229,37.5971,0.0483876,44.7246,0.0010819,0.998455,-1,-13,15.0525,-13.8183,3.22485,-5.02211,14.1896,-0.346927,2.91232,1,93.207,85.5303,465.202
4mu,2011,172822,-1740574263,13,66.5574,-8.34719,59.2037,-29.2424,59.7893,-0.471434,1.71086,-1,-13,35.5126,0.226785,-34.4643,-8.56148,34.465,-0.245925,-1.56422,1,13,15.4778,4.0629,-3.92908,-14.4085,5.65198,-1.66538,-0.768655,-1,-13,11.5995,-4.56967,-3.26626,10.1482,5.61697,1.35369,-2.52102,1,91.1656,25.7488,120.53
4mu,2011,166859,71964992,13,63.8967,36.6738,-25.5182,-45.6797,44.6783,-0.897134,-0.607911,-1,-13,31.7638,-22.4142,19.4462,-11.3304,29.6741,-0.373109,2.42698,1,-13,19.8499,11.4193,-7.95444,-14.154,13.9166,-0.893383,-0.608427,1,13,9.83058,3.22133,4.70696,-8.00604,5.70372,-1.1401,0.970634,-1,75.2369,12.8441,92.306
4mu,2011,167281,480301165,-13,84.5422,52.1843,-45.908,-48.1312,69.5036,-0.646511,-0.721502,1,-13,64.371,9.81096,63.6138,0.80395,64.3659,0.01249,1.41778,1,13,98.0444,-32.2898,-42.7427,-82.1165,53.5684,-1.21289,-2.21777,-1,13,27.1162,6.14548,3.42665,-26.1872,7.03625,-2.02492,0.508651,-1,90.1035,54.558,221.683
4mu,2011,172992,1153485608,13,30.045,25.2616,-11.3364,11.663,27.6887,0.409664,-0.421824,-1,-13,47.0828,-14.3106,16.626,-41.6601,21.9367,-1.39758,2.28149,1,13,10.0443,-2.82738,9.43,1.9892,9.84474,0.200707,1.8621,-1,-13,9.47518,2.45958,-6.59972,6.33736,7.04314,0.808712,-1.21406,1,70.0069,17.4221,93.237
4e,2011,167675,876658967,-11,46.2967,-45.4721,-8.6101,-1.24072,46.2801,-0.0268058,-2.95446,1,11,45.8568,43.5367,14.3708,-0.940301,45.8472,-0.020508,0.318824,-1,-11,27.2561,-13.6734,-19.6597,13.0164,23.9472,0.519816,-2.1785,1,11,7.57191,-0.0913048,7.28083,-2.07727,7.2814,-0.281549,1.58334,-1,91.9271,27.3974,125.528
4e,2011,173243,16706390,11,352.097,-58.3284,-8.93069,347.117,59.0081,2.47228,-2.98966,-1,-11,124.22,55.8882,-7.34743,110.694,56.3691,1.4273,-0.130717,1,-11,169.383,23.0043,33.2087,164.495,40.3982,2.11199,0.964974,1,11,28.8255,7.33931,-25.1182,-12.0881,26.1685,-0.446908,-1.28652,-1,91.4178,92.9952,285.96
4e,2011,171106,141954801,11,49.6757,-8.9885,44.2435,-20.7218,45.1473,-0.444228,1.77123,-1,11,68.4708,41.2204,-0.639024,-54.6692,41.2253,-1.09427,-0.0155014,-1,-11,42.6373,-0.600474,-39.7627,15.3787,39.7673,0.377676,-1.5859,1,-11,36.5299,-36.4078,0.928434,-2.83553,36.4196,-0.0777787,3.1161,1,91.5484,87.7217,186.915
4e,2011,163758,113529826,-11,112.039,-19.2226,25.6749,107.35,32.0735,1.92281,2.21346,1,11,26.6863,6.94914,-23.0538,11.506,24.0784,0.461317,-1.27803,-1,-11,10.1663,2.352,-9.35977,-3.19643,9.65076,-0.325435,-1.32461,1,11,12.2376,3.98114,6.14426,9.80604,7.3213,1.10224,0.995867,-1,70.4304,20.1941,100.923
4e,2011,172952,842265702,-11,87.628,41.7576,11.5591,-76.1667,43.3279,-1.32982,0.270053,1,11,37.9247,-20.5105,24.6846,-20.2058,32.0938,-0.59403,2.2641,-1,-11,11.3639,-6.93362,6.40937,-6.32315,9.4422,-0.627642,2.39546,1,11,26.6822,-0.119199,-9.07494,-25.0912,9.07572,-1.74127,-1.58393,-1,68.6352,20.0945,95.4259
4e,2011,163659,344708580,11,61.6886,-50.3627,-15.4488,32.1002,52.6789,0.576831,-2.84395,-1,-11,44.3136,40.6614,-15.9374,7.50629,43.6732,0.171039,-0.37355,1,-11,26.7699,-0.250656,26.4523,4.10358,26.4535,0.154509,1.58027,1,11,18.1029,-13.5592,1.03685,11.9494,13.5988,0.792955,3.06527,-1,92.6746,28.4517,138.193
4e,2011,172799,10347106,11,215.87,-9.38901,113.027,183.675,113.417,1.25926,1.65367,-1,11,97.8731,9.27214,-95.3894,19.8505,95.839,0.20567,-1.4739,-1,-11,49.552,-39.9507,9.24934,27.817,41.0075,0.634832,2.91408,1,-11,51.3601,34.2592,-20.8718,-32.0709,40.1163,-0.732237,-0.54718,1,91.2903,81.9121,363.538
2e2mu,2011,172401,3729470,-11,79.8732,45.8974,11.8758,-64.2816,47.4089,-1.11208,0.253193,1,11,40.0327,-36.8614,-10.6502,-11.4204,38.3691,-0.293418,-2.86033,-1,-13,48.5643,-40.5716,-22.7848,-13.9024,46.5317,-0.294497,-2.62989,1,13,79.4437,30.9827,-0.575343,-73.1508,30.9881,-1.59418,-0.0185677,-1,90.3889,92.539,185.693
2e2mu,2011,172868,933807102,-11,102.449,87.3719,52.3065,-11.2265,101.832,-0.110022,0.539437,1,11,52.9591,34.6148,-32.7692,-23.0794,47.6656,-0.46703,-0.758016,-1,13,165.08,-72.4362,-36.8636,-143.685,81.2768,-1.33472,-2.67084,-1,-13,52.6736,-35.0749,32.778,-21.6761,48.0067,-0.437438,2.39003,1,92.1786,87.8203,314.539
2e2mu,2011,163237,41158481,11,23.1604,10.6964,18.8777,8.10096,21.6975,0.365189,1.05528,-1,-11,19.0242,-1.99355,-11.4848,-15.0347,11.6566,-1.07222,-1.74266,1,-13,34.9352,-3.79754,-21.4673,-27.2982,21.8006,-1.04895,-1.74588,1,13,13.2384,5.95324,10.8178,4.77278,12.3477,0.377502,1.06771,-1,41.1734,40.0133,84.6655
2e2mu,2011,166554,395098004,11,13.6666,9.92125,-5.87347,-7.33812,11.5295,-0.599842,-0.534523,-1,-11,12.2028,-4.64496,7.93832,-8.01976,9.19742,-0.787877,2.10021,1,13,56.9386,-48.8868,-28.2899,7.19422,56.4822,0.12703,-2.61699,-1,-13,15.0973,13.6421,3.01871,5.71822,13.9721,0.398618,0.217769,1,56.0502,20.0315,90.2377
2e2mu,2011,166950,1491724484,11,65.4968,34.8201,34.7149,43.2698,49.1687,0.793947,0.783884,-1,-11,48.2976,-43.1704,-9.65137,19.3863,44.2361,0.425307,-2.92164,1,13,33.7468,16.8681,-29.1201,2.51404,33.6529,0.0746358,-1.04577,-1,-13,107.174,-13.6052,15.0956,105.229,20.3218,2.34679,2.30431,1,91.2442,89.6807,188.934
2e2mu,2011,173692,-1572852967,-11,51.572,-41.9751,-21.0973,21.276,46.9788,0.438679,-2.67586,1,11,75.7442,21.6475,38.7022,61.406,44.345,1.12908,1.06081,-1,13,29.8935,-15.0814,-24.6878,-7.52831,28.9298,-0.257376,-2.11918,-1,-13,97.6274,19.983,5.70277,95.3901,20.7808,2.22875,0.277992,1,90.3186,93.0051,188.724
2e2mu,2011,166922,112725318,11,26.9831,-24.6867,2.0513,-10.6979,24.7718,-0.419451,3.05869,-1,-11,31.0754,14.0512,11.7335,25.1112,18.3061,1.12144,0.695753,1,13,32.1241,-16.5619,-6.78284,26.6767,17.897,1.18952,-2.75288,-1,-13,34.5865,0.91502,-13.2461,31.9361,13.2776,1.61146,-1.50183,1,53.4782,19.2057,97.4925
2e2mu,2011,165633,394010457,-11,83.3579,-47.1287,-62.1287,-29.4526,77.9813,-0.369241,-2.21976,1,11,58.3598,35.0452,-14.0502,-44.5005,37.7567,-1.00221,-0.381297,-1,-13,78.7781,35.8377,42.7459,-55.6276,55.7813,-0.879425,0.873082,1,13,52.6351,-33.9963,39.2427,8.64342,51.9205,0.165715,2.28468,-1,91.3039,93.0893,244.614
2e2mu,2011,165970,275108397,-11,17.5272,-9.64935,-14.6291,-0.291034,17.5248,-0.0166062,-2.15389,1,11,9.12118,4.97206,-6.48746,-4.04813,8.17365,-0.476974,-0.916874,-1,13,87.1034,-12.3418,49.1408,70.851,50.6669,1.13703,1.81686,-1,-13,90.3821,28.1067,-31.9461,79.7395,42.5504,1.38582,-0.849245,1,90.9915,14.9508,141.926
2e2mu,2011,163340,218958268,11,66.4218,-19.2252,6.90824,63.2023,20.4287,1.8477,2.79663,-1,-11,16.467,14.103,-0.51068,8.4857,14.1122,0.569941,-0.036195,1,-13,26.9257,22.9008,-1.25631,14.1052,22.9352,0.581646,-0.0548037,1,13,64.3576,-12.4915,0.109829,63.1335,12.492,2.32296,3.1328,-1,47.5095,40.7949,90.0069
2e2mu,2011,172949,1188043146,-11,71.8983,67.0767,-20.2283,-16.1524,70.0604,-0.228555,-0.292897,1,11,39.9942,-23.7839,-0.486177,-32.15,23.7888,-1.10945,-3.12115,-1,13,57.7394,-54.0647,7.237,-18.9331,54.547,-0.34048,3.00853,-1,-13,37.984,32.342,-19.4447,4.32089,37.7373,0.11425,-0.541315,1,91.2609,88.7887,193.899
2e2mu,2011,166408,917379387,11,52.1652,30.5705,41.8175,-6.16037,51.8001,-0.118647,0.939536,-1,-11,49.4396,-32.5934,-12.721,-34.9303,34.9879,-0.880209,-2.76948,1,13,217.88,-52.3861,-44.7491,-206.7,68.8969,-1.81849,-2.43466,-1,-13,166.384,29.3645,31.1233,-160.788,42.7894,-2.0342,0.814466,1,88.2292,109.068,261.277
2e2mu,2011,163334,286336207,-11,56.1417,-17.1982,-26.2035,-46.5778,31.3433,-1.187,-2.15161,1,11,30.1759,17.8132,22.5284,-9.25975,28.72,-0.317075,0.901751,-1,-13,50.4618,43.9348,20.2387,-14.3703,48.3722,-0.292873,0.431677,1,13,50.4224,-38.4343,-24.9245,-21.071,45.8086,-0.445133,-2.56627,-1,94.1771,65.7192,163.112
4mu,2012,195655,167570931,-13,182.205,55.7529,-8.09385,-173.276,56.3373,-1.84211,-0.144166,1,-13,74.9594,35.7964,40.7923,-51.706,54.2715,-0.84755,0.850536,1,13,270.359,43.9957,23.8808,-265.684,50.0591,-2.37101,0.497297,-1,13,44.73,5.74512,-7.8588,-43.6577,9.73484,-2.20602,-0.939538,-1,89.2128,20.0635,140.124
4mu,2012,200525,1066576272,13,95.3359,-55.1312,48.5357,60.7763,73.4518,0.753946,2.41973,-1,13,186.404,31.3488,-47.2941,177.559,56.7405,1.85856,-0.985441,-1,-13,27.5609,14.1532,-23.1086,5.02712,27.0984,0.184466,-1.02126,1,-13,12.3033,4.11752,11.5885,0.334976,12.2983,0.0272343,1.2294,1,91.9119,72.8411,209.536
4mu,2012,198272,141178966,13,138.374,20.3289,-99.7941,-93.6768,101.844,-0.823519,-1.36984,-1,-13,302.849,-15.9294,58.9657,-296.625,61.0795,-2.28388,1.83465,1,13,82.6229,35.8169,-6.79573,-74.1452,36.4559,-1.45866,-0.187506,-1,-13,20.8922,8.99519,-0.0992819,18.856,8.99573,1.48581,-0.0110368,1,89.4447,94.4939,305.759
4mu,2012,202016,160415664,-13,50.0649,-32.7091,17.9622,-33.376,37.3166,-0.804699,2.6394,1,13,48.1917,10.8323,-17.8317,-43.441,20.864,-1.47976,-1.0249,-1,13,13.3891,12.5195,0.809602,4.67589,12.5456,0.364581,0.0645775,-1,-13,7.55859,-3.57066,-6.57153,-1.08933,7.47894,-0.145142,-2.06852,1,57.2267,17.6822,92.9952
4mu,2012,196218,198713417,-13,75.9928,-16.5359,-38.2729,63.5347,41.6923,1.20794,-1.97863,1,13,45.5157,20.4852,9.42426,39.5375,22.5491,1.32758,0.431182,-1,-13,53.918,8.58815,18.9635,49.737,20.8175,1.60527,1.14555,1,13,12.3858,8.19783,1.13701,9.2141,8.2763,0.959272,0.137817,-1,57.3815,15.335,92.2794
4mu,2012,196218,858760563,-13,26.9213,20.4873,10.0439,-14.2876,22.8169,-0.591147,0.455816,1,13,29.5655,-20.6832,-8.29664,-19.4287,22.2852,-0.787774,-2.76011,-1,-13,87.381,-14.4664,6.78478,-85.9076,15.9784,-2.38372,2.70305,1,13,13.0348,3.97557,9.84603,-7.55948,10.6184,-0.662409,1.18704,-1,45.2866,30.9935,89.3916
4mu,2012,198969,1103535297,-13,440.191,-62.0719,65.8846,430.783,90.5191,2.26405,2.32641,1,13,66.624,61.1961,-22.2406,-14.1117,65.1123,-0.215066,-0.34859,-1,-13,60.2214,-23.913,-36.5707,-41.441,43.6949,-0.844425,-2.1499,1,13,74.704,24.7291,-2.2214,70.4571,24.8287,1.76584,-0.089589,-1,91.7998,90.3042,461.703
4mu,2012,200525,547514345,-13,44.2054,41.9893,-2.69288,13.5557,42.0755,0.316848,-0.064045,1,-13,146.913,25.1993,31.3955,141.29,40.2577,1.96836,0.894447,1,13,52.3327,-29.4656,-23.817,36.1003,37.8876,0.84762,-2.46181,-1,13,89.5771,-31.573,-17.0103,82.0844,35.8637,1.5658,-2.64742,-1,90.8516,90.311,190.204
4mu,2012,198969,809605982,-13,70.8361,-61.8451,15.2608,-30.9844,63.7002,-0.469024,2.89967,1,13,85.0042,35.1606,-39.0369,-66.8247,52.5371,-1.06123,-0.837594,-1,-13,99.4519,-6.27922,37.791,-91.7773,38.3091,-1.60778,1.73545,1,13,56.694,24.792,-12.661,-49.3888,27.8378,-1.33782,-0.472161,-1,91.7844,89.6311,200.394
4mu,2012,194897,146471772,-13,54.6098,9.23476,-53.8136,-1.01801,54.6002,-0.0186436,-1.40085,1,-13,57.7729,-22.6462,44.9165,-28.4139,50.3025,-0.53846,2.03778,1,13,41.7217,-6.93615,24.7655,-32.8519,25.7185,-1.06458,1.84387,-1,13,120.885,24.5241,5.44477,-118.246,25.1212,-2.2533,0.218474,-1,88.7116,85.3435,206.292
4mu,2012,194912,829690349,-13,104.47,-34.7173,-37.6613,91.0517,51.2217,1.33951,-2.31554,1,-13,45.0595,-23.1886,-5.39517,38.2561,23.808,1.25261,-2.913,1,13,94.3295,-7.29288,21.6723,91.5159,22.8665,2.09524,1.8954,-1,13,41.3779,-3.37997,-12.6906,39.2383,13.133,1.81457,-1.83109,-1,64.5755,20.8101,88.6792
4mu,2012,195655,477289466,13,76.728,-45.8832,43.1726,43.7954,63.0011,0.648691,2.38662,-1,13,144.057,5.24878,-53.3752,133.701,53.6327,1.64459,-1.47277,-1,-13,61.8332,15.5826,29.7621,51.9107,33.5947,1.21958,1.08847,1,-13,28.0584,21.1239,-11.0511,14.7958,23.84,0.586433,-0.482002,1,83.3518,76.8274,191.826
4mu,2012,194912,1347277781,13,144.716,20.0741,88.6197,-112.634,90.8649,-1.04106,1.34804,-1,13,98.6768,-43.7252,-79.4678,38.8597,90.7029,0.416299,-2.07381,-1,-13,36.1382,-23.5768,-14.5603,-23.1967,27.7104,-0.761385,-2.58836,1,-13,36.6155,17.1686,-11.7516,-30.1301,20.8053,-1.16568,-0.600235,1,93.602,95.9248,287.395
4mu,2012,194151,265657221,-13,47.48,-19.5949,32.7989,-28.1888,38.2064,-0.683362,2.10932,1,13,35.0555,10.1608,-26.4728,-20.6114,28.3558,-0.674553,-1.20432,-1,-13,19.5659,5.34545,-14.5943,-11.8847,15.5425,-0.704832,-1.2197,1,13,18.085,-0.688524,6.8733,-16.7135,6.9077,-1.61693,1.67064,-1,65.5868,22.7692,91.8123
4mu,2012,194224,400957190,13,60.817,60.2116,-8.55695,0.215836,60.8166,0.00354896,-0.141169,-1,13,83.3257,-28.4826,37.5172,68.734,47.1041,1.17191,2.22015,-1,-13,43.418,34.0692,-20.5716,17.3555,39.7982,0.42333,-0.543222,1,-13,54.6943,-13.427,12.0677,51.6289,18.0531,1.77317,2.40946,1,91.2918,91.945,191.051
4mu,2012,195251,147388276,13,58.259,-8.27333,55.8309,-14.4418,56.4406,-0.253162,1.71791,-1,13,56.4654,-1.61732,-48.706,-28.5208,48.7328,-0.556134,-1.60399,-1,-13,71.038,-41.8481,-24.6638,-51.8345,48.5753,-0.92803,-2.60903,1,-13,45.5429,36.8704,24.5801,10.5137,44.3126,0.23509,0.588,1,90.8658,94.0299,214.774
4mu,2012,196334,139206418,13,74.2932,7.6828,-66.9236,31.3317,67.3632,0.449795,-1.4565,-1,-13,73.8969,7.55482,-18.6727,71.0985,20.1431,1.97384,-1.18634,1,-13,28.1943,-12.8778,13.7351,20.986,18.8279,0.960147,2.32399,1,13,9.15562,-4.2161,4.54301,6.73794,6.19794,0.941659,2.31889,-1,70.0752,25.0682,113.797
4mu,2012,196197,352383455,13,284.106,104.848,4.24577,264.017,104.934,1.65317,0.0404723,-1,-13,54.9334,-45.2022,-28.9941,-11.5659,53.702,-0.213742,-2.57126,1,13,145.065,-48.5525,1.27706,-136.692,48.5693,-1.75805,3.1153,-1,-13,106.966,-15.4427,17.1556,104.445,23.0823,2.21474,2.30369,1,91.9812,93.3864,548.465
4mu,2012,195950,630954116,13,56.6964,4.68304,45.6779,33.2576,45.9174,0.672455,1.46863,-1,-13,77.998,-29.3111,-33.4221,64.0898,44.4542,1.16199,-2.29076,1,-13,158.365,1.74585,-39.2326,153.419,39.2714,2.07181,-1.52633,1,13,54.858,10.6879,27.144,46.4581,29.1724,1.24502,1.19569,-1,88.9344,72.1987,180.432
4mu,2012,195950,719208626,-13,56.5566,54.5671,-0.00189957,14.8685,54.5671,0.269218,-3.48117e-05,1,13,56.5579,-44.4739,16.1244,-30.9977,47.3067,-0.615621,2.79377,-1,-13,42.5348,33.2151,10.3815,24.4576,34.7997,0.654968,0.302932,1,13,41.1848,-21.7814,-7.0444,-34.2362,22.8922,-1.19229,-2.8288,-1,89.7425,94.59,192.952
4mu,2012,194224,328627223,13,129.19,-9.59282,-33.7459,-124.335,35.0829,-1.97775,-1.84776,-1,-13,25.3621,8.0634,15.4033,-18.4647,17.3862,-0.924567,1.08854,1,13,23.8228,6.77974,15.3863,-16.8763,16.8138,-0.883998,1.15576,-1,-13,29.8407,-1.3578,10.5555,-27.8782,10.6424,-1.69073,1.69873,1,56.176,13.2071,90.0232
4mu,2012,196349,310890613,-13,137.249,-25.7653,15.9958,-133.857,30.3268,-2.19048,2.586,1,13,67.7743,22.9037,-0.565721,-63.7844,22.9107,-1.74785,-0.0246949,-1,-13,17.9461,2.35569,-14.0066,-10.969,14.2033,-0.710879,-1.40417,1,13,32.9724,-6.19835,3.64997,-32.178,7.19318,-2.20356,2.6094,-1,52.2147,24.6781,86.3525
4mu,2012,196364,574417012,-13,76.7563,-6.72274,-45.1407,61.7141,45.6386,1.1099,-1.71864,1,13,59.9786,31.9872,-12.0554,49.284,34.1836,1.16201,-0.360419,-1,-13,24.9605,5.17022,-24.317,-2.22814,24.8606,-0.0895058,-1.3613,1,13,20.7138,-0.868669,-5.70968,19.8921,5.77538,1.9503,-1.72178,-1,49.6605,29.2236,90.7591
4mu,2012,194533,912828037,-13,35.4339,33.6399,5.30838,-9.78434,34.0561,-0.283488,0.15651,1,13,37.8754,-16.6401,0.0216403,-34.0241,16.6401,-1.46345,3.14029,-1,-13,31.8483,-16.4425,2.23413,-27.1837,16.5936,-1.26906,3.00654,1,13,18.2269,-2.62928,-11.9944,-13.4696,12.2792,-0.948289,-1.78659,-1,56.015,19.8956,89.8111
4mu,2012,195658,338722570,13,119.105,80.1502,-17.4001,86.3661,82.0172,0.918374,-0.213776,-1,13,52.2569,-47.2611,17.6947,13.5668,50.4649,0.265699,2.78335,-1,-13,41.4716,24.6259,-11.3826,-31.3669,27.1293,-0.987629,-0.432972,1,-13,67.7809,-16.2381,15.6856,63.9103,22.5769,1.76353,2.3735,1,90.8601,88.9718,243.863
4mu,2012,194644,78891305,-13,181.386,-34.7477,-31.6323,-175.194,46.9894,-2.02664,-2.40309,1,-13,140.984,-15.2678,38.0237,-134.898,40.9745,-1.90702,1.95262,1,13,27.6121,22.9212,-14.0627,-6.2668,26.8913,-0.230983,-0.550304,-1,13,38.9597,11.047,10.2454,-35.9283,15.0667,-1.60351,0.747772,-1,92.3274,29.1592,164.028
4mu,2012,195147,502821363,-13,90.4934,-46.4949,66.2207,40.5228,80.9133,0.481943,2.18294,1,-13,31.3526,-12.9361,-27.8639,-6.2638,30.7204,-0.20251,-2.00545,1,13,140.634,-23.1996,-18.9035,137.413,29.926,2.22906,-2.45788,-1,13,31.0795,3.31284,-28.2126,-12.6096,28.4064,-0.43048,-1.45391,-1,94.2669,103.4,233.47
4mu,2012,195774,174957822,13,212.094,12.404,63.3111,-202.044,64.5148,-1.85931,1.37733,-1,-13,104.608,-51.5494,-0.223005,-91.0246,51.5499,-1.33369,-3.13727,1,13,124.567,12.4938,-40.77,-117.041,42.6413,-1.73449,-1.27344,-1,-13,184.905,9.02782,38.1543,-180.701,39.2078,-2.23268,1.33846,1,94.3332,81.5653,197.662
4mu,2012,195304,128008670,-13,66.4376,-64.3667,-10.5147,12.6613,65.2199,0.192934,-2.97967,1,-13,97.108,37.7625,-5.39401,89.3021,38.1458,1.58653,-0.141881,1,13,51.0244,9.1541,25.233,43.3933,26.8421,1.25775,1.22278,-1,13,19.6148,3.8122,-3.68808,-18.8837,5.30422,-1.98211,-0.76885,-1,85.9659,82.792,196.543
4mu,2012,194704,372667387,13,50.6494,-42.2459,21.9191,17.3259,47.5937,0.356442,2.66298,-1,13,90.0115,-12.7942,-42.8546,78.1143,44.7237,1.32421,-1.86092,-1,-13,51.0117,38.7559,-16.0268,29.0398,41.939,0.646453,-0.392117,1,-13,211.568,21.011,34.6038,207.658,40.4832,2.33752,1.02511,1,90.2126,95.6472,228.602
4mu,2012,195774,549661559,13,90.5685,54.6363,-46.1346,55.5798,71.5089,0.714799,-0.70123,-1,-13,77.4189,-52.6233,22.8065,52.0031,57.3528,0.813856,2.73264,1,13,57.0493,4.10276,-50.5763,26.0733,50.7425,0.493552,-1.48985,-1,-13,26.3184,9.44931,-10.4005,22.2528,14.052,1.24026,-0.833279,1,94.1295,17.3623,177.545
4mu,2012,195774,660605607,-13,308.53,43.0953,37.8952,303.146,57.3868,2.36639,0.721279,1,-13,195.436,-43.1276,10.6246,-190.322,44.417,-2.16159,2.90005,1,13,156.248,37.6439,-12.057,-151.166,39.5277,-2.05119,-0.309966,-1,13,83.2609,-20.1426,-23.8343,77.1918,31.2057,1.6374,-2.27244,-1,90.104,83.8812,742.146
4mu,2012,195304,487153301,13,490.516,87.4213,76.938,476.491,116.456,2.11669,0.721702,-1,-13,239.445,-72.7864,-50.0827,222.548,88.3524,1.65422,-2.53891,1,13,88.9867,-7.05344,-23.2974,85.5927,24.3418,1.97019,-1.86478,-1,-13,37.9837,-9.08894,-13.4162,34.3533,16.2051,1.49601,-2.16623,1,90.4365,34.0218,251.981
4mu,2012,195774,152805866,13,92.4518,67.126,-43.0574,46.7706,79.7485,0.557194,-0.570335,-1,-13,186.023,-22.3867,74.7124,-168.883,77.9943,-1.51522,1.86192,1,13,101.568,-19.0145,-30.3077,-95.0581,35.7786,-1.70396,-2.13111,-1,-13,32.1454,-29.1886,-6.511,11.7874,29.906,0.384598,-2.92212,1,90.5491,96.7377,357.321
4mu,2012,196239,348855506,13,67.3642,41.4064,41.6752,-32.9637,58.7479,-0.535187,0.788633,-1,-13,26.0198,-2.15754,-18.1631,-18.5058,18.2908,-0.889657,-1.68903,1,-13,11.986,-4.86641,10.1812,-4.03902,11.2844,-0.350695,2.01667,1,13,7.77968,-0.730057,-5.52892,-5.42313,5.57691,-0.86174,-1.70208,-1,63.0727,15.7539,84.6431
4mu,2012,195948,587608575,-13,66.5667,-63.6681,-4.75462,-18.8385,63.8454,-0.290942,-3.06705,1,-13,34.256,-33.6515,-4.98892,-4.01888,34.0193,-0.117862,-2.99441,1,13,36.0914,2.71884,18.2472,-31.0197,18.4486,-1.29136,1.42288,-1,13,17.0223,-10.9747,3.11563,-12.6331,11.4084,-0.955284,2.86498,-1,64.4669,18.8989,89.3959
4mu,2012,200991,993923997,13,103.075,35.7037,29.4844,-92.0894,46.3043,-1.43861,0.69028,-1,-13,35.5205,-9.20705,-14.9657,-30.8699,17.571,-1.3293,-2.12233,1,13,28.0905,-7.92605,-10.4687,-24.8325,13.1307,-1.39388,-2.21884,-1,-13,21.5941,0.476847,12.44,-17.644,12.4492,-1.14799,1.53248,1,56.3647,24.5954,86.2892
4mu,2012,200600,1248257881,-13,107.188,9.56114,88.8061,-59.2569,89.3194,-0.622448,1.46355,1,-13,54.6958,-37.2799,35.5132,-18.4565,51.4877,-0.3512,2.38046,1,13,68.8824,-11.7525,-45.1115,-50.711,46.6173,-0.942126,-1.82565,-1,13,56.6616,-31.4873,-6.08785,-46.7121,32.0704,-1.17042,-2.95061,-1,91.0731,89.3932,203.864
4mu,2012,199703,137316968,13,163.91,34.9831,-147.902,61.3804,151.983,0.393619,-1.33854,-1,-13,85.8661,-20.31,-40.0043,73.213,44.8646,1.26575,-2.04058,1,13,22.1801,-15.9816,11.5259,10.1828,19.7042,0.496174,2.51678,-1,-13,18.4879,-13.208,9.56075,8.71399,16.3052,0.511794,2.51503,1,93.5052,50.9021,180.994
4mu,2012,199319,1203594102,13,40.5796,-21.2179,-34.0888,-5.86911,40.1528,-0.145654,-2.12755,-1,13,56.4608,-9.29198,26.2577,-49.1121,27.8533,-1.33245,1.91092,-1,-13,27.178,18.8931,8.63859,-17.5231,20.7744,-0.766276,0.428855,1,-13,17.6301,-0.393358,15.0656,9.14786,15.0707,0.574814,1.5969,1,58.2304,45.7264,125.343
4mu,2012,202504,177815904,-13,301.705,79.1491,-17.7972,290.594,81.1254,1.98802,-0.221177,1,-13,90.4145,-78.681,3.7849,-44.3819,78.772,-0.537207,3.09353,1,13,41.1633,11.5204,38.6943,-8.02735,40.3728,-0.197543,1.28143,-1,13,39.051,-11.4097,-24.3404,28.3254,26.8819,0.918838,-2.00914,-1,90.8348,89.6726,389.963
4mu,2012,201625,546665360,-13,39.7769,35.3474,13.8983,11.8146,37.9816,0.306252,0.374622,1,13,60.1667,-28.3172,-22.3005,-48.1752,36.044,-1.10055,-2.47451,-1,13,29.2208,-6.28871,28.193,4.41079,28.8858,0.15211,1.79026,-1,-13,21.8449,1.30661,-18.2024,-12.0063,18.2493,-0.617842,-1.49914,1,92.4479,49.2482,144.447
4mu,2012,199428,654887173,-13,80.9981,-62.9727,-5.64605,50.6285,63.2253,0.733263,-3.05217,1,13,51.7022,19.2304,37.1347,30.4024,41.8186,0.674652,1.09297,-1,-13,146.97,21.1479,-30.2091,142.269,36.8758,2.0597,-0.960037,1,13,80.0592,24.9392,-4.07356,75.9664,25.2697,1.82041,-0.16191,-1,91.4995,89.314,199.579
4mu,2012,200991,573405437,-13,162.448,50.6895,-99.7885,-117.738,111.925,-0.917628,-1.10079,1,13,245.604,-62.7847,61.5001,229.341,87.8873,1.68714,2.36653,-1,-13,105.456,23.597,9.98954,102.296,25.6244,2.0928,0.400463,1,13,56.6893,-13.5538,7.32352,-54.5557,15.4058,-1.97699,2.6462,-1,91.6912,81.3279,547.075
4mu,2012,196364,646351604,-13,323.059,61.2162,132.27,288.313,145.749,1.43382,1.13734,1,-13,125.945,-84.6118,-51.0873,78.0577,98.8386,0.724643,-2.5984,1,13,100.642,8.26756,-52.4344,85.5051,53.0822,1.2547,-1.41441,-1,13,17.4342,15.8341,-6.58968,3.13016,17.1506,0.181512,-0.394367,-1,89.6866,96.2512,337.725
4mu,2012,202478,933835054,13,143.537,96.5601,-29.7035,101.965,101.025,0.887932,-0.29843,-1,-13,147.829,-98.2534,22.2813,108.182,100.748,0.932596,2.91859,1,13,72.0547,22.253,13.1744,67.254,25.8604,1.68398,0.534537,-1,-13,15.7124,-10.1817,-1.93717,-11.8088,10.3644,-0.976566,-2.95358,1,93.6484,102.655,270.335
4mu,2012,199967,168194676,-13,114.019,101.062,-16.0556,-50.2896,102.33,-0.473549,-0.157552,1,-13,178.176,27.2166,55.2761,-167.184,61.6132,-1.72371,1.11327,1,13,156.653,-19.6754,-23.5623,-153.616,30.697,-2.31328,-2.26654,-1,13,32.0141,-17.7512,-5.64827,-26.0362,18.6282,-1.13663,-2.83353,-1,90.1956,89.9353,255.275
4mu,2012,199008,115388710,-13,81.7619,-24.4982,49.1007,60.6132,54.8729,0.953445,2.03359,1,13,31.8018,-2.45811,-31.0525,6.40648,31.1496,0.204245,-1.64979,-1,-13,22.3587,5.03738,-18.4044,-11.6535,19.0814,-0.578001,-1.30363,1,13,48.5234,18.6043,-1.08517,-44.8019,18.6359,-1.611,-0.0582632,-1,85.7478,29.9715,184.108
4mu,2012,199319,770334833,-13,87.8695,84.576,-19.7342,-13.3605,86.8478,-0.153238,-0.229229,1,-13,81.3989,-50.6521,3.33436,63.6319,50.7618,1.0498,3.07586,1,13,37.5676,-16.8651,33.5106,-1.97961,37.5153,-0.0527437,2.03706,-1,13,56.62,-1.58747,-10.2546,-55.6609,10.3768,-2.38143,-1.72438,-1,91.2515,66.6026,262.809
4mu,2012,202504,974397273,13,34.0239,4.18157,-27.5841,19.4743,27.8993,0.651046,-1.42035,-1,-13,14.7037,-3.74336,14.0854,-1.94352,14.5743,-0.13296,1.83055,1,-13,41.9334,-1.07911,12.3276,-40.0657,12.3748,-1.89105,1.65811,1,13,10.4673,3.52463,-6.82853,-7.10643,7.68452,-0.827167,-1.0943,-1,71.4362,22.3376,96.3121
4mu,2012,202237,1087639087,-13,63.7285,-9.49884,50.591,37.5717,51.4751,0.67699,1.75639,1,13,63.8055,-16.7158,-41.073,45.8773,44.3442,0.905611,-1.9573,-1,-13,145.078,38.5606,14.6555,139.09,41.2517,1.92987,0.363203,1,13,33.3065,0.548112,-33.1729,-2.92829,33.1774,-0.0881474,-1.55427,-1,90.7992,88.4993,212.392
4mu,2012,202328,726409783,-13,103.675,32.3928,4.25356,98.3931,32.6709,1.82212,0.130565,1,13,77.1347,-7.27251,-17.7868,74.7027,19.2161,2.06706,-1.95893,-1,-13,25.7706,-18.5641,-2.34523,17.7196,18.7116,0.843385,-3.01593,1,13,32.8879,-6.34175,11.6749,30.0846,13.2861,1.55598,2.0684,-1,43.7719,21.1715,92.3617
4mu,2012,199834,519019963,-13,113.753,25.0998,-73.1895,83.3848,77.3738,0.935255,-1.24042,1,13,223.874,-14.4551,45.0573,218.816,47.3192,2.23595,1.88124,-1,13,31.2038,-22.9785,8.62429,19.2685,24.5436,0.72097,2.78254,-1,-13,13.5344,-10.8387,-5.62051,-5.83954,12.2094,-0.461705,-2.66321,1,93.8547,79.3825,213.102
4mu,2012,199877,636036234,-13,38.6058,-29.7483,17.3094,17.4876,34.4177,0.488445,2.61462,1,13,24.432,22.3539,-5.37709,8.26452,22.9915,0.352137,-0.236059,-1,-13,14.6193,10.0761,-10.2583,-2.6367,14.3792,-0.182357,-0.79436,1,13,24.8201,6.79706,-10.0308,21.6612,12.1168,1.34445,-0.975249,-1,55.799,22.2976,91.3068
4mu,2012,202178,1430970868,13,130.721,-53.4548,-33.3493,114.535,63.0047,1.35909,-2.5838,-1,-13,36.6044,15.2645,17.7742,28.1238,23.4292,1.01621,0.861213,1,13,36.5297,21.9578,-0.728924,29.1844,21.9699,1.09564,-0.0331843,-1,-13,41.8857,1.99513,8.94574,40.8704,9.16553,2.20045,1.35136,1,77.1042,24.4955,122.002
4mu,2012,201611,159726794,-13,187.114,-13.0949,54.5045,178.52,56.0555,1.87529,1.80658,1,-13,241.874,-37.4737,-25.1368,237.627,45.1236,2.36334,-2.55074,1,13,153.317,43.4723,-3.50253,146.983,43.6131,1.92942,-0.0803956,-1,13,170.214,3.87523,-34.4399,166.649,34.6572,2.27417,-1.45875,-1,89.7467,85.991,183.367
4mu,2012,201191,491885761,13,33.0711,-32.1424,-7.62589,1.54965,33.0346,0.0468927,-2.90865,-1,-13,20.3014,17.9777,9.15805,-2.25148,20.1759,-0.111362,0.47115,1,-13,21.413,-0.417872,16.4913,13.6517,16.4965,0.754037,1.59613,1,13,14.6843,1.30711,-14.5894,1.02868,14.6479,0.0701699,-1.48144,-1,51.431,32.9104,87.3008
4mu,2012,199876,331257910,-13,91.07,70.8012,-53.9843,19.1473,89.0344,0.213431,-0.651439,1,13,81.563,-63.0744,51.3665,-5.96763,81.3443,-0.073297,2.45815,-1,13,41.4624,-25.8239,-12.8667,29.7774,28.8518,0.903877,-2.67935,-1,-13,37.6551,11.5408,2.55881,35.7513,11.8211,1.82612,0.218188,1,93.1623,88.1036,238.691
4mu,2012,195655,323504297,13,65.4569,-41.9941,-15.6973,-47.6937,44.832,-0.925796,-2.78388,-1,-13,65.208,11.0559,8.25138,-63.7319,13.7956,-2.23499,0.641149,1,13,59.8656,10.0719,7.05269,-58.5892,12.2957,-2.26528,0.610882,-1,-13,17.4782,8.77664,-4.3477,-14.4757,9.79448,-1.18246,-0.459938,1,60.3743,16.7632,95.196
4mu,2012,199021,99969333,13,29.2537,-1.54987,-26.2708,-12.7754,26.3165,-0.468162,-1.62972,-1,13,26.9192,-2.25202,20.4702,17.3358,20.5937,0.764979,1.68037,-1,-13,20.3104,-7.98348,7.55221,17.0801,10.9896,1.22446,2.38395,1,-13,18.7659,6.43464,4.63453,17.0078,7.92991,1.50657,0.624186,1,44.6856,16.1215,86.6563
4mu,2012,198487,664920764,-13,52.0368,16.3685,32.9225,36.8238,36.7671,0.882464,1.10941,1,-13,22.3277,17.7564,8.11037,10.8374,19.521,0.530002,0.428459,1,13,75.7867,-13.1761,-11.171,73.7916,17.2743,2.1586,-2.43836,-1,13,38.1338,7.03895,2.07813,37.4207,7.33931,2.33161,0.287078,-1,60.1642,24.6605,91.6894
4mu,2012,198487,1511453808,13,554.785,77.1434,87.7466,-542.343,116.836,-2.23968,0.849614,-1,-13,117.671,-36.5574,-94.0129,-60.5935,100.871,-0.56943,-1.94166,1,13,48.448,-47.5486,-0.544306,9.27556,47.5517,0.193846,-3.13015,-1,-13,25.3638,14.6932,16.5865,-12.3412,22.1586,-0.531561,0.845852,1,94.5891,97.8712,435.341
4mu,2012,200992,468873972,13,88.9664,-35.4183,36.8853,72.8012,51.1369,1.15165,2.33591,-1,-13,254.947,44.0453,-15.2083,-250.653,46.597,-2.38421,-0.332471,1,-13,31.418,-17.5942,-3.47085,-25.7968,17.9333,-1.16015,-2.94682,1,13,11.3063,7.14792,-0.883537,-8.71486,7.20232,-1.02236,-0.122984,-1,91.4118,27.1977,322.626
4mu,2012,199833,608443341,-13,38.1215,-20.8031,-9.00051,-30.6506,22.6666,-1.1099,-2.73326,1,-13,36.0439,19.9636,2.08516,29.9376,20.0722,1.19004,0.104071,1,13,16.2103,4.38673,-11.3039,10.7583,12.1253,0.79937,-1.20062,-1,13,12.7525,-7.01429,-2.97362,-10.2261,7.61857,-1.10395,-2.74062,-1,43.2952,42.7092,100.867
4mu,2012,200042,250036559,-13,88.5839,28.0505,-82.8977,-13.72,87.5149,-0.156138,-1.24452,1,-13,88.981,-17.7841,56.9194,66.0418,59.633,0.955363,1.87363,1,13,46.8406,-9.2857,15.2172,43.3156,17.8266,1.62085,2.11869,-1,13,36.2709,-4.08527,9.59531,-34.7391,10.4288,-1.91825,1.97331,-1,85.3982,23.4947,253.441
4mu,2012,201191,199183870,-13,167.188,97.0049,21.1636,134.514,99.2867,1.11143,0.214805,1,-13,212.258,-43.9959,65.0227,197.205,78.5085,1.65164,2.16566,1,13,49.9444,-17.9436,-27.1702,37.8713,32.5606,0.992136,-2.15446,-1,13,23.6639,-13.73,-16.8966,9.2716,21.7717,0.413933,-2.25317,-1,90.6633,93.7939,243.911
4mu,2012,199409,402443918,-13,111.678,50.2457,-11.9848,99.0136,51.6552,1.4058,-0.234148,1,13,74.7856,-43.5559,-15.5258,58.7767,46.2403,1.06072,-2.79918,-1,13,75.6213,-26.0708,23.7164,66.9061,35.2441,1.39723,2.40345,-1,-13,28.2717,20.162,0.603175,-19.8093,20.171,-0.868638,0.0299076,1,91.2819,82.6416,205.712
4mu,2012,201278,1021783875,13,127.836,-93.6346,-31.2796,81.2165,98.7211,0.750286,-2.81919,-1,-13,72.0116,58.6534,8.23786,40.9581,59.2291,0.645706,0.139537,1,13,39.1929,-17.1581,24.7525,-25.0796,30.1179,-0.758011,2.17694,-1,-13,29.8758,18.9332,-19.1546,12.9301,26.9326,0.463333,-0.791212,1,88.8,96.4577,242.494
4mu,2012,199876,331969560,-13,164.247,-72.9811,-26.5336,-144.73,77.6548,-1.381,-2.79288,1,13,247.249,61.3017,-11.1572,-239.269,62.3088,-2.05517,-0.180034,-1,-13,263.459,-11.0466,50.5869,-258.321,51.779,-2.31026,1.78579,1,13,32.7258,24.2118,-6.31737,-21.0914,25.0224,-0.76582,-0.255231,-1,88.5657,95.6392,246.277
4mu,2012,202178,563981267,13,57.2804,-19.1603,50.1033,20.0891,53.6419,0.36626,1.93605,-1,-13,56.3566,0.365475,-42.1648,-37.3906,42.1664,-0.798977,-1.56213,1,-13,52.4659,4.70223,-37.7808,36.0993,38.0723,0.844251,-1.44697,1,13,38.3891,11.4442,21.3033,29.8146,24.1826,1.03686,1.07783,-1,91.3492,92.3375,198.428
4mu,2012,199608,930210675,13,43.5922,19.848,23.8139,30.6467,31.0007,0.873275,0.87598,-1,-13,27.0194,-10.2333,-10.7976,-22.5551,14.8764,-1.20369,-2.32937,1,13,12.0479,-9.29002,-4.37072,6.30333,10.2668,0.580751,-2.70184,-1,-13,9.04326,2.84697,-8.11837,2.78499,8.60309,0.318317,-1.23351,1,68.2543,12.8354,90.0217
4mu,2012,199021,919744647,13,140.289,-23.6789,-13.6317,-137.602,27.3224,-2.31952,-2.61924,-1,-13,21.9778,20.5492,-1.8541,-7.57011,20.6327,-0.359129,-0.0899838,1,13,37.796,-2.96431,8.58274,-36.689,9.08023,-2.1045,1.90335,-1,-13,16.0069,7.00327,-0.107585,-14.3928,7.0041,-1.46793,-0.0153609,1,70.7516,14.0453,90.113
4mu,2012,202973,681363400,-13,35.2774,-20.112,20.533,-20.4546,28.7418,-0.662198,2.34584,1,-13,47.2072,17.6254,-18.9385,39.4866,25.8712,1.20925,-0.821297,1,13,25.2939,-11.7557,22.3824,-0.778795,25.2817,-0.0307998,2.05442,-1,13,14.9022,-7.17676,-13.042,0.681894,14.8862,0.0457911,-2.07386,-1,60.9246,36.4176,118.801
4mu,2012,202178,193770334,13,84.826,-28.1399,11.6057,-79.1763,30.4392,-1.68415,2.75042,-1,-13,87.0008,12.0424,-10.8443,-85.4781,16.2055,-2.36492,-0.733097,1,-13,22.8802,10.2997,10.8035,-17.3406,14.9265,-0.991242,0.809263,1,13,13.7374,9.92304,-7.15841,-6.24469,12.2356,-0.490469,-0.62494,-1,46.4075,19.0353,89.3223
4mu,2012,196218,311679667,13,124.426,0.290612,-31.9164,-120.262,31.9178,-2.03682,-1.56169,-1,-13,80.1671,-18.705,7.15152,-77.6256,20.0255,-2.06427,2.77641,1,-13,31.2029,6.78859,16.5978,-25.535,17.9324,-1.15183,1.18255,1,13,20.4313,3.18121,9.39914,-17.8596,9.9229,-1.35036,1.24444,-1,51.7557,22.0843,85.8037
4mu,2012,199833,991082101,13,72.1645,-58.69,-15.6984,-38.9455,60.7532,-0.603701,-2.88023,-1,-13,48.0588,28.3533,36.3603,13.5519,46.1084,0.289839,0.908502,1,13,54.2685,14.6787,-31.642,-41.5737,34.881,-1.01076,-1.13644,-1,-13,28.3904,16.8818,14.2812,17.8061,22.1122,0.736771,0.702139,1,88.9634,88.3835,196.804
4mu,2012,199021,1238510739,-13,93.6936,-8.57679,-72.3191,58.9479,72.8259,0.740019,-1.68884,1,-13,90.077,11.4289,60.8715,-65.4057,61.9351,-0.920447,1.3852,1,13,51.825,-9.83893,-30.9247,-40.4064,32.4521,-1.04453,-1.87883,-1,13,44.4836,13.851,27.8257,31.8223,31.0825,0.898104,1.10893,-1,92.0459,99.1637,279.212
4mu,2012,200992,279759749,-13,50.2312,46.8218,3.37281,17.8748,46.9431,0.372128,0.0719109,1,-13,63.8629,6.36975,45.5338,-44.3234,45.9772,-0.855709,1.43181,1,13,48.6275,-40.2017,-20.5703,18.0365,45.1587,0.389479,-2.66865,-1,13,37.7945,-17.0332,-33.3279,5.24725,37.4283,0.13974,-2.04327,-1,90.2433,92.4369,200.388
4mu,2012,201278,1265779667,-13,48.8167,1.32801,-35.588,-33.3885,35.6128,-0.836513,-1.5335,1,13,43.4696,-6.80488,17.3518,39.2709,18.6384,1.49048,1.94454,-1,-13,50.4465,2.90187,14.7021,-48.1691,14.9858,-1.88413,1.37592,1,13,10.1537,0.549141,-7.41756,-6.91121,7.43786,-0.830409,-1.4969,-1,90.1089,23.9493,144.325
4mu,2012,199832,254924276,13,87.3611,-66.6384,-44.9148,34.2628,80.3618,0.414394,-2.54853,-1,-13,52.9322,10.3816,-47.2783,21.4194,48.4047,0.429207,-1.35464,1,-13,19.0438,2.17616,9.94823,16.092,10.1835,1.23845,1.35544,1,13,6.90294,4.31308,-3.85891,3.76107,5.78738,0.611118,-0.729879,-1,70.1236,14.1386,109.725
4mu,2012,201707,635670564,-13,105.676,-55.0555,17.1948,88.5468,57.6781,1.21413,2.83887,1,13,42.2083,31.2738,17.0305,22.6592,35.6102,0.599711,0.498659,-1,13,16.8552,10.1316,12.2614,5.57659,15.9057,0.343792,0.880223,-1,-13,11.4417,-11.3723,0.491914,-1.15304,11.3829,-0.101123,3.09836,1,88.1244,24.8387,121.805
4mu,2012,202299,586836364,13,39.8997,1.27295,34.4998,-20.0028,34.5233,-0.55108,1.53392,-1,-13,29.5301,12.9093,-17.2891,-20.1608,21.5769,-0.834196,-0.929427,1,-13,55.8008,-7.96199,-6.18098,-54.8828,10.0796,-2.39616,-2.48146,1,13,28.8437,5.63511,4.72681,-27.89,7.35508,-2.04297,0.697964,-1,52.058,17.4881,90.7564
4mu,2012,201668,114003150,-13,51.4729,-43.8731,-17.6634,20.3126,47.2953,0.417269,-2.75885,1,13,57.19,46.2732,-4.33823,-33.3266,46.4761,-0.666595,-0.0934794,-1,13,39.7085,26.568,25.7511,-14.4145,36.9997,-0.380347,0.769785,-1,-13,34.5559,-30.7061,1.15764,15.8081,30.7279,0.494104,3.10391,1,88.9627,88.6452,182.484
4mu,2012,198955,1211003130,-13,56.3009,-19.4815,-43.7381,-29.6182,47.8806,-0.584696,-1.98983,1,13,53.1526,-6.66833,38.3486,-36.1954,38.9241,-0.830925,1.74296,-1,13,26.1131,21.4803,-3.58052,14.4105,21.7767,0.62104,-0.16517,-1,-13,30.4909,-1.3232,7.27985,-29.5794,7.39912,-2.09415,1.7506,1,83.2814,50.5364,144.839
4mu,2012,200491,230077151,-13,62.6319,-19.6479,20.6986,55.7518,28.539,1.42266,2.33016,1,-13,25.1559,8.06612,-23.6011,3.27627,24.9414,0.130984,-1.24147,1,13,16.7811,4.70973,-15.6989,-3.5994,16.3902,-0.21788,-1.27934,-1,13,10.0598,8.07566,-3.96132,-4.50345,8.99491,-0.481808,-0.45604,-1,57.7788,14.7783,100.179
4mu,2012,196239,687711552,-13,108.549,-77.321,70.5029,28.8743,104.638,0.272556,2.40229,1,13,416.081,102.808,-6.77419,-403.123,103.031,-2.07331,-0.0657967,-1,-13,109.394,-4.41595,-38.2319,-102.4,38.4861,-1.70532,-1.68579,1,13,30.4887,-15.6143,-21.0793,-15.5373,26.2325,-0.562205,-2.20834,-1,89.8555,94.1468,446.409
4mu,2012,198955,575302642,-13,72.7489,-41.7409,-26.2126,53.5068,49.289,0.940608,-2.58085,1,-13,43.9875,2.43635,43.9064,1.08403,43.974,0.0246492,1.51536,1,13,62.5718,41.0567,11.8249,45.7136,42.7257,0.929969,0.280424,-1,13,51.0378,-9.91889,-38.9468,31.4581,40.19,0.71913,-1.82017,-1,90.8818,88.827,188.527
4mu,2012,199864,396825385,-13,45.6002,33.4567,27.2751,14.7,43.1658,0.334286,0.683963,1,13,97.5389,-26.2713,-4.66356,93.8184,26.682,1.97015,-2.96591,-1,13,33.7592,-2.73469,-23.1417,-24.4265,23.3027,-0.915068,-1.68842,-1,-13,59.9757,3.96825,11.9122,58.6466,12.5558,2.24576,1.24923,1,90.2755,86.5309,188.506
4mu,2012,199752,133641846,13,103.853,49.2837,41.797,81.299,64.621,1.05264,0.703384,-1,13,61.3016,-8.92538,-60.4096,5.37571,61.0654,0.0879187,-1.71748,-1,-13,34.9008,-12.182,32.3516,4.79857,34.5692,0.138369,1.93093,1,-13,100.259,-20.5226,-3.61118,98.0693,20.8379,2.25315,-2.96741,1,88.9866,84.8716,232.596
4mu,2012,198272,345644314,-13,62.2945,-57.4593,-23.9354,-2.4727,62.2453,-0.0397147,-2.74689,1,13,34.0184,31.5285,12.2056,-3.76992,33.8087,-0.111278,0.369361,-1,-13,32.5567,0.368923,32.4422,-2.70088,32.4443,-0.0831506,1.55943,1,13,50.8004,29.119,-12.4725,-39.7139,31.6777,-1.04989,-0.404688,-1,91.7998,62.2983,172.723
4mu,2012,198969,797334672,-13,59.5378,-12.3996,46.3357,35.2703,47.9661,0.68136,1.83227,1,13,25.7386,2.1436,-25.4462,3.21905,25.5363,0.125726,-1.48675,-1,-13,17.444,-12.5155,-9.84642,7.11981,15.9245,0.433401,-2.47499,1,13,8.87381,1.76387,-4.97355,7.13343,5.27707,1.10963,-1.22998,-1,72.4506,12.4195,95.8819
4mu,2012,200091,1745216870,13,290.646,121.636,24.753,262.806,124.129,1.49485,0.200759,-1,13,66.4581,-52.5929,-39.9198,7.55454,66.0272,0.114167,-2.49233,-1,-13,76.0851,-48.4063,30.9312,49.8902,57.4448,0.785261,2.573,1,-13,56.6243,-12.2534,-15.4847,53.0695,19.7464,1.71472,-2.24022,1,93.6418,82.0796,316.984
4mu,2012,200229,37968037,13,239.202,87.2891,-77.9923,-208.604,117.056,-1.3417,-0.729209,-1,13,138.589,-76.2802,42.5147,-107.614,87.3279,-1.03649,2.63313,-1,-13,21.4128,6.02614,-20.4011,-2.445,21.2725,-0.114685,-1.28358,1,-13,14.2636,8.90763,11.1396,-0.0198747,14.2632,-0.00139343,0.896279,1,89.7943,83.6541,258.307
4mu,2012,200244,95922345,-13,64.3438,-37.4408,-8.93666,-51.56,38.4926,-1.10229,-2.90729,1,13,33.7274,12.1723,31.3406,2.6698,33.6214,0.0793246,1.20034,-1,-13,53.6604,-2.65392,-23.1164,48.353,23.2682,1.47801,-1.6851,1,13,36.7519,0.971267,16.0887,-33.0289,16.1179,-1.46542,1.5105,-1,88.8107,78.0209,182.857
4mu,2012,201196,266438901,13,60.6804,-33.33,-49.2191,-12.194,59.4425,-0.203727,-2.16604,-1,-13,58.2646,41.9725,3.83242,-40.229,42.1471,-0.848824,0.0910553,1,-13,61.088,-8.61577,32.4734,51.0194,33.5969,1.20502,1.83014,1,13,38.3084,27.5835,1.48262,-26.542,27.6233,-0.853422,0.0536985,-1,88.1347,96.2554,214.474
4e,2012,194479,402600389,-11,104.914,-22.7157,63.1244,80.6608,67.0872,1.01746,1.91622,1,-11,74.4964,15.4886,-39.7543,-61.0689,42.665,-1.15607,-1.19928,1,11,22.0451,11.0999,-13.3796,-13.5561,17.3845,-0.716801,-0.878257,-1,11,13.3259,1.02944,12.7616,-3.69621,12.803,-0.284831,1.4903,-1,94.8998,50.1676,213.503
4e,2012,196239,384138657,-11,24.5217,-18.1985,-12.7774,-10.3377,22.2362,-0.449604,-2.52945,1,11,41.5543,0.712127,16.366,38.1891,16.3815,1.58266,1.52731,-1,11,18.6551,11.7973,-10.2824,10.1543,15.6494,0.610271,-0.716897,-1,-11,24.6545,-11.1421,-7.70435,20.5995,13.5463,1.20618,-2.53662,1,57.1987,24.6164,89.6663
4e,2012,194480,863682922,-11,83.2766,-12.7199,51.4181,64.2602,52.968,1.02439,1.81331,1,11,136.576,40.6683,-20.7553,128.718,45.6584,1.75965,-0.471897,-1,-11,229.826,-41.6636,15.7884,225.465,44.5548,2.32422,2.77936,1,11,102.09,-4.94264,-39.6744,93.9358,39.9811,1.58984,-1.69474,-1,93.6941,94.2604,203.769
4e,2012,196531,497827501,11,31.1415,23.4508,-8.013,-18.8585,24.782,-0.701903,-0.329256,-1,-11,30.1838,-14.5558,-6.28717,25.6839,15.8556,1.25946,-2.73386,1,-11,14.2577,11.5684,8.30379,0.707846,14.2401,0.0496874,0.622571,1,11,16.6179,9.31274,7.05903,-11.8151,11.6858,-0.889181,0.6486,-1,58.5713,12.5655,87.1489
4e,2012,194533,873825341,-11,88.7399,45.4355,21.0393,-73.2648,50.0704,-1.1742,0.43366,1,-11,55.5388,-5.35867,-20.6517,-51.2772,21.3356,-1.61073,-1.82468,1,11,58.4356,-11.3334,6.02476,-57.0086,12.8353,-2.19659,2.65299,-1,11,35.9419,5.64009,-7.6696,-34.6581,9.52016,-2.00362,-0.936716,-1,52.8589,13.4782,95.0094
4e,2012,195378,155753218,-11,87.3683,-71.1558,-14.448,-48.5935,72.6078,-0.627302,-2.94127,1,-11,45.1471,19.9095,40.4537,-2.31848,45.0876,-0.051399,1.11344,1,11,56.7583,25.4769,-27.767,-42.4433,37.6839,-0.96792,-0.828385,-1,11,90.8489,-16.1652,-10.9525,-88.7257,19.5262,-2.21883,-2.5461,-1,92.8231,96.5481,208.315
4e,2012,195656,78300349,11,86.077,-18.8296,76.938,-33.6934,79.2086,-0.413492,1.81082,-1,-11,56.2454,-48.233,-25.2404,14.1438,54.438,0.256977,-2.65948,1,11,62.4382,42.9328,-17.4703,41.8341,46.3512,0.810758,-0.38646,-1,-11,37.9297,-23.0772,-27.8047,-11.5329,36.1339,-0.313988,-2.26355,1,95.3938,95.7183,237.725
4e,2012,195304,1069824602,-11,121.276,-8.05469,58.002,106.202,58.5586,1.35702,1.70878,1,11,65.327,49.9192,19.1388,37.5418,53.4624,0.654476,0.366111,-1,11,192.184,38.8569,-12.3428,187.81,40.7702,2.23221,-0.307568,-1,-11,29.4869,-21.8749,-2.72514,-19.5841,22.044,-0.800228,-3.01765,1,93.7073,87.2427,249.092
4e,2012,194480,109881951,-11,56.0401,38.2624,32.5518,24.8368,50.2357,0.476203,0.704929,1,11,54.7005,4.78603,-43.7244,32.5179,43.9856,0.684554,-1.46177,-1,11,52.9764,-42.6466,-9.62107,29.9199,43.7184,0.63982,-2.91971,-1,-11,36.9762,7.84142,19.7696,-30.2475,21.268,-1.15082,1.19319,1,91.3306,87.5567,192.241
4e,2012,195378,579338428,-11,167.336,71.2345,32.6845,147.846,78.3749,1.39165,0.430173,1,-11,67.6578,-53.6228,-25.3181,32.5757,59.2993,0.524905,-2.70047,1,11,45.8509,-6.20022,-29.334,34.6897,29.9821,0.988161,-1.7791,-1,11,35.2854,-6.95929,19.3543,28.6712,20.5674,1.1345,1.91597,-1,88.8163,56.039,201.199
4e,2012,196531,114371709,-11,102.459,68.9875,-43.6185,61.9359,81.6201,0.700198,-0.563808,1,-11,98.4928,-49.5262,-34.5631,77.8035,60.3941,1.07127,-2.53229,1,11,124.376,-4.42589,41.7716,117.068,42.0054,1.74884,1.67636,-1,11,63.7137,-10.1302,23.2825,58.4357,25.3909,1.57086,1.98119,-1,93.4494,96.1581,227.549
4e,2012,202328,318322030,-11,120.38,23.0544,108.896,-45.8425,111.31,-0.401011,1.36217,1,11,110.439,-59.0759,-46.8955,-80.6701,75.4265,-0.929688,-2.47063,-1,-11,36.3286,22.4955,-27.7803,6.47898,35.7462,0.180271,-0.890129,1,11,14.5397,-11.3447,-8.20957,-3.91196,14.0035,-0.275844,-2.51517,-1,95.5085,73.8443,250.381
4e,2012,202016,191382222,11,207.668,110.034,154.184,-85.1228,189.421,-0.435489,0.950968,-1,-11,241.707,-38.0724,-142.53,-191.463,147.528,-1.07711,-1.83182,1,11,156.599,-53.512,-28.9656,-144.294,60.8485,-1.59837,-2.64546,-1,-11,31.1279,21.6484,-13.2534,-18.0178,25.3832,-0.660704,-0.549352,1,90.0934,95.8329,459.05
4e,2012,194050,401484983,11,92.7438,84.7255,-8.66554,36.7138,85.1675,0.418733,-0.101923,-1,-11,67.6137,-38.0564,46.988,30.2564,60.4662,0.481556,2.25155,1,-11,39.3087,-18.0245,-29.8755,18.1039,34.8916,0.498017,-2.11366,1,11,93.0414,-1.96028,-20.2253,90.7953,20.3201,2.20244,-1.66742,-1,92.1871,94.0157,232.157
4e,2012,199569,111437792,11,50.3292,22.4674,-40.3746,19.9533,46.2049,0.419436,-1.063,-1,-11,35.5086,-7.91035,33.3679,9.21244,34.2927,0.265511,1.80356,1,11,48.8061,17.8929,25.6426,-37.4746,31.2681,-1.01501,0.961562,-1,-11,24.4082,-16.033,8.30473,-16.4236,18.0562,-0.815973,2.66367,1,79.0979,36.0478,153.917
4e,2012,202178,487671954,-11,90.4394,48.0646,-62.502,-44.3011,78.8461,-0.535853,-0.91524,1,11,65.6809,-43.2077,-30.9157,-38.6172,53.129,-0.674531,-2.52053,-1,-11,91.8783,8.27262,47.7687,-78.0471,48.4797,-1.25421,1.39932,1,11,28.4592,2.08098,-28.3818,-0.262779,28.458,-0.0092338,-1.49761,-1,93.5288,88.6885,211.477
4e,2012,200466,181152989,-11,166.907,-64.3235,10.0508,-153.686,65.104,-1.59419,2.98659,1,-11,193.762,32.7414,-23.0763,-189.576,40.0564,-2.25863,-0.613944,1,11,25.751,8.24157,20.9611,-12.4829,22.5232,-0.52918,1.19618,-1,11,10.7769,3.01373,8.43587,-5.99126,8.95804,-0.62693,1.22768,-1,75.3255,44.4305,161.959
4e,2012,202469,247836553,11,85.5463,32.2761,-56.0245,56.015,64.6567,0.783641,-1.04813,-1,11,63.7988,-61.4321,12.9501,11.3434,62.7822,0.179709,2.93383,-1,-11,55.2581,11.2653,-41.2519,34.9976,42.7624,0.746988,-1.30421,1,-11,55.062,0.0374109,25.3093,48.9005,25.3093,1.41286,1.56932,1,93.3239,82.3154,201.856
4e,2012,198212,15479119,-11,67.8257,-6.47871,-36.2834,56.9374,36.8573,1.21936,-1.74749,1,11,76.2806,-13.8343,25.1897,70.6599,28.7387,1.63178,2.07303,-1,11,32.1615,14.0222,-8.9518,27.5246,16.636,1.27753,-0.568179,-1,-11,17.7141,1.23616,8.72231,15.3682,8.80947,1.32317,1.43001,1,62.848,20.3693,91.697
4e,2012,201727,43697222,-11,158.849,86.5379,-9.53531,-132.865,87.0617,-1.20916,-0.109744,1,11,73.051,-42.2094,57.2146,-16.7722,71.0995,-0.233763,2.2064,-1,11,159.411,15.8922,-63.9054,-145.174,65.8518,-1.53154,-1.32706,-1,-11,112.454,-57.2814,7.83265,-96.454,57.8144,-1.28465,3.0057,1,89.9894,86.3848,317.193
4e,2012,194119,168130224,11,66.6019,14.5316,55.6719,-33.5452,57.5372,-0.554208,1.31547,-1,11,78.7675,-3.53318,49.9601,-60.7933,50.0849,-1.02478,1.6414,-1,-11,114.544,-23.6287,-33.877,-106.838,41.3033,-1.67895,-2.17983,1,-11,102.678,8.01567,-25.4597,-99.1484,26.6917,-2.02306,-1.26578,1,90.9541,98.1176,197.771
4e,2012,202074,38166085,-11,114.905,-70.6866,34.7552,83.6585,78.7688,0.924595,2.68462,1,-11,58.2864,45.0598,36.2677,7.18165,57.8422,0.123842,0.677709,1,11,60.5111,40.7182,-34.32,-28.7361,53.2526,-0.516364,-0.700338,-1,11,43.985,-32.351,-29.5433,-3.90886,43.8109,-0.0891033,-2.40153,-1,90.7868,79.2881,270.878
4e,2012,202016,559670208,-11,166.8,3.94837,166.432,-10.3462,166.479,-0.062107,1.54708,1,11,414.967,-11.8806,-151.782,386.029,152.247,1.66035,-1.64891,-1,-11,86.2192,24.4404,-3.41183,82.6122,24.6774,1.92301,-0.138702,1,11,13.6753,-7.15423,-8.51946,-7.9529,11.1249,-0.664807,-2.26931,-1,85.5559,85.3805,511.624
4e,2012,200091,1530537922,11,185.16,-28.1325,-71.0389,-168.66,76.4066,-1.53272,-1.94786,-1,11,75.4464,9.88009,-63.6935,-39.2133,64.4553,-0.575998,-1.4169,-1,-11,63.6627,-49.6266,-31.5013,24.4501,58.7803,0.40481,-2.576,1,-11,16.0129,11.4816,5.85226,9.50453,12.887,0.683138,0.471384,1,92.1496,103.021,237.994
4e,2012,198485,174781164,11,247.558,-4.32188,-120.754,216.066,120.832,1.34467,-1.60657,-1,11,147.1,-40.2352,89.8067,109.335,98.4079,0.957754,1.992,-1,-11,175.757,-3.12692,32.0684,172.778,32.2205,2.38114,1.668,1,-11,15.6437,-3.67335,8.09768,12.8708,8.8919,1.16527,1.99667,1,88.9637,64.0893,282.08
4e,2012,201191,1546558727,11,80.5822,-43.4834,-60.4256,30.8453,74.445,0.403314,-2.19457,-1,-11,49.1178,43.8461,12.7335,18.1091,45.6576,0.386904,0.282639,1,-11,35.788,-8.83932,34.2325,-5.54822,35.3553,-0.15629,1.82349,1,11,19.172,12.6246,11.9426,8.0969,17.3783,0.450524,0.757647,-1,97.3568,13.3754,177.277
4e,2012,202972,42783570,11,96.6135,-35.3841,-89.4829,-8.65755,96.2248,-0.0898511,-1.94736,-1,11,111.754,30.3081,22.8752,-105.105,37.9718,-1.7424,0.646537,-1,-11,28.1114,10.6615,21.3785,14.8169,23.8895,0.58609,1.10819,1,-11,24.2807,19.46,13.4372,5.50489,23.6484,0.230728,0.604323,1,92.5686,88.1669,240.055
4e,2012,202333,235647099,11,157.405,-11.2134,-49.3725,149.04,50.6298,1.8005,-1.79413,-1,-11,99.1946,-38.8641,27.7177,86.9534,47.7356,1.36086,2.52207,1,11,33.376,32.1985,-5.86582,6.5426,32.7284,0.198598,-0.180201,-1,-11,13.5253,-3.08638,11.1324,-7.03392,11.5524,-0.576418,1.84125,1,91.1676,85.9338,189.587
4e,2012,200991,98100215,-11,71.1403,-59.3669,10.7768,-37.6879,60.3371,-0.589824,2.96202,1,11,133.965,-32.4606,31.8084,-126.02,45.4474,-1.74407,2.36634,-1,11,55.241,15.4752,-32.4572,-41.9359,35.9577,-0.99419,-1.12589,-1,-11,42.5599,29.7828,-20.0473,-22.8569,35.9014,-0.600003,-0.592454,1,94.0802,85.0634,193.06
4e,2012,194153,93572313,11,73.5696,-47.7167,-52.5303,-19.3948,70.9671,-0.27,-2.30821,-1,-11,59.1011,-43.1283,25.4305,-31.4036,50.0675,-0.59203,2.60882,1,11,82.9851,33.9332,17.6668,-73.6407,38.2567,-1.40954,0.48002,-1,-11,34.5485,-6.43339,32.8109,-8.69828,33.4356,-0.257301,1.76441,1,87.0587,84.925,200.792
4e,2012,201613,3634214,-11,82.5174,53.6388,-4.18079,62.5661,53.8015,0.992007,-0.077786,1,11,43.2942,-42.7485,0.481254,-6.83524,42.7512,-0.159211,3.13034,-1,11,48.147,-35.7074,-17.3561,27.2376,39.702,0.641201,-2.68915,-1,-11,50.9444,19.7616,22.4126,41.2612,29.8805,1.12681,0.848175,1,90.6814,81.5061,187.406
4e,2012,199754,121019123,-11,118.329,-107.615,41.7555,26.0241,115.432,0.223583,2.77147,1,11,111.524,-95.1176,-49.4506,30.7392,107.204,0.282945,-2.66216,-1,11,95.4214,-18.3328,34.999,-86.8575,39.5098,-1.52899,2.05331,-1,-11,19.7097,15.8265,-9.47254,6.94734,18.4447,0.368276,-0.539332,1,91.9275,78.8141,275.749
4e,2012,200991,970724930,-11,178.115,52.6101,1.214,170.164,52.6241,1.88983,0.0230713,1,11,57.561,38.2062,3.32027,42.9247,38.3502,0.963256,0.086686,-1,11,87.456,-29.6576,-23.1188,78.9589,37.6039,1.48738,-2.47946,-1,-11,45.5871,-13.6278,31.0331,-30.4863,33.8935,-0.808475,1.98458,1,93.2768,86.3673,255.197
4e,2012,199752,232018566,11,154.546,110.834,63.8673,-86.7254,127.919,-0.634528,0.522768,-1,-11,137.374,-54.9674,2.72188,-125.868,55.0348,-1.56511,3.09211,1,11,38.7598,-27.4407,27.0875,3.94871,38.5581,0.102231,2.36267,-1,-11,87.7074,16.3727,5.97778,-85.958,17.4299,-2.29895,0.350068,1,92.0816,88.3589,276.259
4e,2012,199754,873005082,11,242.058,17.3676,-122.559,-208.013,123.784,-1.29087,-1.43003,-1,11,206.793,-83.5358,83.4406,-169.773,118.07,-1.15981,2.35676,-1,-11,90.8296,-47.5731,-31.2364,-70.7891,56.9114,-1.04374,-2.56059,1,-11,23.9943,-20.5706,8.32019,9.12982,22.1895,0.400644,2.75724,1,90.5453,92.2912,320.513
4e,2012,202299,421267699,-11,46.8241,32.8725,-27.2768,-19.1802,42.7156,-0.435157,-0.692635,1,11,100.604,-33.0422,14.5218,-93.9073,36.0926,-1.68441,2.72751,-1,11,49.5871,15.998,-3.88096,-46.7748,16.4621,-1.76705,-0.237992,-1,-11,18.375,-11.1547,-3.25374,-14.2348,11.6195,-1.03192,-2.85777,1,93.7213,28.6762,125.164
4e,2012,199608,813802208,-11,123.18,-46.294,-42.134,-106.089,62.5972,-1.29817,-2.4032,1,11,47.9363,35.3628,-4.2591,-32.0816,35.6183,-0.80939,-0.119863,-1,-11,58.5267,14.1325,25.9269,50.5317,29.5285,1.30653,1.07173,1,11,21.4017,-10.3329,11.7194,14.626,15.6241,0.835472,2.2934,-1,91.6879,89.8593,239.927
4e,2012,201278,1723198502,-11,43.6287,40.2628,-8.59506,14.4392,41.17,0.343901,-0.210317,1,11,24.168,-22.2587,7.37674,-5.85013,23.4493,-0.246962,2.82158,-1,11,10.9267,-4.12363,10.0322,-1.32002,10.8467,-0.1214,1.96078,-1,-11,10.824,-8.28312,-5.41336,-4.38675,9.89518,-0.429952,-2.56273,1,64.7841,16.2869,89.2609
4e,2012,201707,805047482,11,63.7193,-1.63931,37.687,51.3532,37.7227,1.1153,1.61427,-1,-11,65.6718,5.6909,-36.1506,54.5301,36.5958,1.18924,-1.41466,1,11,37.346,-26.3683,-12.9181,23.0772,29.3626,0.72165,-2.68605,-1,-11,33.6273,-16.6178,-22.6038,18.5395,28.055,0.620279,-2.20474,1,74.2429,13.9874,125.374
4e,2012,198271,232701194,-11,164.593,49.7445,-7.77135,156.703,50.3479,1.85341,-0.154973,1,11,42.3992,-33.8781,-3.38727,25.2684,34.0471,0.686865,-3.04194,-1,11,33.7477,-8.33709,31.6888,8.07586,32.7671,0.244033,1.82806,-1,-11,21.0988,12.2886,-16.0215,6.12057,20.1915,0.298666,-0.9165,1,96.7253,50.4531,172.234
4e,2012,194076,340846024,11,41.8416,38.2903,-2.22056,-16.7225,38.3546,-0.423248,-0.0579279,-1,-11,35.1455,-31.0518,9.26605,13.6062,32.4049,0.40843,2.8516,1,-11,64.5332,-1.41944,-25.9844,59.0536,26.0231,1.55796,-1.62537,1,11,23.7936,-14.0577,19.1661,1.08521,23.7688,0.0456408,2.20363,-1,85.8411,20.3646,154.949
2e2mu,2012,196453,1259337833,11,164.046,-17.8969,100.191,-128.657,101.777,-1.05638,1.74756,-1,-11,30.9987,-14.5764,22.462,15.6174,26.7771,0.554399,2.14642,1,13,96.8524,4.78262,-35.4308,-90.0121,35.7521,-1.65377,-1.43662,-1,-13,33.5624,28.4867,17.2839,4.02514,33.32,0.12051,0.545356,1,90.433,95.7409,235.352
2e2mu,2012,198954,105011803,-11,123.242,-40.1523,22.2569,114.372,45.9084,1.644,2.63544,1,11,28.3328,-12.3626,-25.4831,-0.725097,28.3236,-0.0255977,-2.02248,-1,-13,49.6935,43.7286,-15.9497,-17.4024,46.5466,-0.365666,-0.349748,1,13,30.0204,-0.236213,19.3908,22.9162,19.3923,1.00422,1.58298,-1,85.3874,66.4866,198.024
2e2mu,2012,202016,407076966,-11,492.281,58.0146,-64.5211,484.574,86.7679,2.4211,-0.838447,1,11,14.9524,2.75536,-14.0194,4.40885,14.2876,0.30388,-1.37673,-1,-13,127.535,-54.4985,100.216,57.0256,114.076,0.481115,2.06888,1,13,36.5013,-0.739393,-14.6431,33.4271,14.6618,1.56223,-1.62125,-1,91.2135,91.3914,338.789
2e2mu,2012,194050,59331872,11,29.561,-19.6651,21.9321,2.47351,29.4573,0.0838708,2.30175,-1,-11,12.2845,-5.92602,5.55956,9.21313,8.12566,0.972914,2.38809,1,13,56.6742,-40.1619,32.1253,23.8106,51.4297,0.447852,2.46692,-1,-13,36.45,-17.7381,-31.8368,-0.610573,36.4448,-0.0167526,-2.07912,1,69.1476,14.2747,96.2145
2e2mu,2012,195398,53211301,-11,74.2414,-70.0482,-0.368283,-24.5948,70.0491,-0.344268,-3.13634,1,11,111.095,-26.038,-51.6104,-94.8713,57.8067,-1.27061,-2.03805,-1,-13,112.753,14.7563,70.2179,-86.9769,71.7517,-1.02376,1.36366,1,13,54.1899,52.852,7.18352,-9.57051,53.338,-0.178482,0.13509,-1,90.2398,89.3686,275.648
2e2mu,2012,194108,394007716,-11,81.8004,25.4106,68.5647,36.6672,73.1219,0.482511,1.21588,1,11,28.7354,7.99573,-11.8084,-24.947,14.2608,-1.32557,-0.97559,-1,13,85.9103,-62.5533,-23.898,53.8195,66.9629,0.735571,-2.77666,-1,-13,33.6828,30.6483,-12.9054,5.35285,33.2546,0.160279,-0.398548,1,91.8081,87.9973,218.021
2e2mu,2012,195113,311362990,-11,218.469,-28.0978,-96.7928,193.831,100.789,1.40873,-1.85332,1,11,179.817,-34.8748,14.8548,175.777,37.9067,2.23866,2.73892,-1,-13,50.2785,15.8996,-18.0519,44.1502,24.0556,1.36748,-0.848707,1,13,35.9236,-16.0088,-0.378253,32.1569,16.0133,1.44727,-3.11797,-1,106.504,35.6136,147.771
2e2mu,2012,195113,622426000,11,179.707,-56.5283,76.3471,152.546,94.9965,1.25206,2.20813,-1,-11,74.7221,-45.3529,57.3667,15.3484,73.1288,0.208371,2.23977,1,13,210.051,98.9892,-34.7561,-181.974,104.914,-1.31819,-0.337663,-1,-13,123.852,3.8234,-62.1296,-107.073,62.2472,-1.31098,-1.50933,1,91.0301,89.3634,574.543
2e2mu,2012,195948,116169718,11,305.142,42.2337,-53.3517,297.458,68.0447,2.18109,-0.901192,-1,-11,58.9975,-18.9841,14.5788,53.9238,23.9361,1.5513,2.48671,1,13,68.8703,9.18489,62.6759,27.0272,63.3454,0.414677,1.42529,-1,-13,37.5409,-30.8885,-17.9097,11.5954,35.7051,0.3193,-2.61615,1,85.7705,84.1679,263.203
2e2mu,2012,194314,243501633,11,126.519,-24.361,-87.9002,87.6765,91.2135,0.853687,-1.84115,-1,-11,50.8594,-18.7563,14.5578,44.9772,23.743,1.39536,2.48156,1,13,100.912,33.4148,66.7739,67.8821,74.668,0.81563,1.10682,-1,-13,20.4737,-6.56597,-15.7251,-11.3477,17.0409,-0.624518,-1.96634,1,90.6179,81.4119,229.579
2e2mu,2012,194210,74688978,11,11.8295,3.58474,-11.2663,0.398418,11.8228,0.0336926,-1.26274,-1,-11,9.94577,8.75018,2.90699,-3.72854,9.22043,-0.394097,0.320748,1,-13,39.2998,35.4981,2.40515,-16.6902,35.5794,-0.453402,0.067651,1,13,37.5906,-32.4952,11.0167,-15.3536,34.3119,-0.433742,2.81473,-1,68.5285,15.5257,90.6792
2e2mu,2012,195165,306811048,-11,162.613,-8.60362,45.6802,155.827,46.4834,1.92434,1.75696,1,11,14.5764,12.6266,-0.129733,-7.28171,12.6272,-0.548714,-0.0102742,-1,13,81.8326,1.19726,-48.858,65.6356,48.8726,1.1044,-1.5463,-1,-13,34.8841,13.0597,-10.8648,-30.4679,16.9883,-1.34726,-0.69391,1,92.8222,85.0829,228.243
2e2mu,2012,194479,42464759,-11,12.219,2.79637,9.14877,-7.60155,9.56659,-0.728441,1.27416,1,11,38.4071,-8.91798,-0.803635,37.3488,8.95411,2.1354,-3.05172,-1,-13,68.6175,33.0916,11.652,-58.9706,35.0831,-1.29109,0.338556,1,13,34.1052,-29.5998,-15.4865,-6.86807,33.4063,-0.204171,-2.65956,-1,78.6786,39.6357,148.95
2e2mu,2012,194533,677674570,-11,183.311,-144.204,88.2957,70.7957,169.088,0.407333,2.59218,1,11,94.1261,-55.7582,1.63544,75.816,55.7822,1.114,3.11227,-1,13,221.8,21.4801,-39.1765,217.254,44.6788,2.28512,-1.06927,-1,-13,36.2293,19.6354,0.343965,30.4447,19.6384,1.22233,0.0175158,1,86.0459,45.0144,321.56
2e2mu,2012,195147,607057396,-11,128.099,63.8082,9.08692,-110.704,64.452,-1.30972,0.141459,1,11,41.7835,-29.2013,14.6669,-26.039,32.6777,-0.730202,2.67613,-1,-13,294.56,-55.9612,-14.0248,-288.855,57.6919,-2.31378,-2.89603,1,13,35.2088,20.4017,-10.6682,-26.6384,23.0226,-0.988187,-0.481805,-1,91.6495,85.6569,212.443
2e2mu,2012,194789,377461820,11,17.7963,-8.04173,-11.203,-11.2487,13.7904,-0.744869,-2.19338,-1,-11,10.0905,-9.94263,-0.638944,1.5981,9.96314,0.159721,-3.07742,1,-13,311.146,24.3911,-90.3297,-296.745,93.5648,-1.87134,-1.30706,1,13,27.3647,21.6855,8.17073,-14.5531,23.1738,-0.592686,0.360333,-1,93.8615,14.8618,147.017
2e2mu,2012,196334,252537006,11,128.605,95.5137,83.3155,-21.7934,126.745,-0.17111,0.717292,-1,-11,18.7854,-14.5555,-5.92555,-10.2917,15.7154,-0.61531,-2.75498,1,-13,264.715,-74.2866,-66.8166,245.135,99.9148,1.6298,-2.40908,1,13,20.3378,-7.94088,-18.4745,-3.04115,20.1088,-0.150664,-1.97675,-1,90.2834,92.7892,377.941
2e2mu,2012,194051,6362525,11,62.1973,20.8954,-27.4431,-51.7568,34.4926,-1.19505,-0.920033,-1,-11,29.7834,-12.8219,1.43376,26.8439,12.9018,1.47912,3.03023,1,13,48.7852,2.99041,23.6907,-42.5417,23.8787,-1.34146,1.44523,-1,-13,32.0198,-10.988,13.3278,-26.9609,17.2733,-1.22805,2.26027,1,84.2505,16.2639,144.289
2e2mu,2012,195397,1053831791,-11,48.9402,-48.3436,6.99749,3.0127,48.8474,0.0616368,2.99785,1,11,46.6657,42.3013,1.48989,19.6486,42.3275,0.448969,0.0352064,-1,-13,44.9227,40.0113,11.9731,16.5463,41.7643,0.386489,0.290762,1,13,42.4014,-32.1472,-23.9305,13.8478,40.0763,0.339004,-2.50168,-1,92.2952,80.6033,175.023
2e2mu,2012,195649,323790844,11,40.872,-37.7927,-10.9441,11.066,39.3454,0.277672,-2.85972,-1,-11,75.0117,-1.13507,-13.6193,-73.7562,13.6665,-2.38744,-1.65395,1,-13,86.6285,59.5887,37.5242,-50.454,70.4193,-0.666115,0.561986,1,13,19.3051,-8.8004,-4.01701,16.706,9.67385,1.31439,-2.71338,-1,85.9082,79.88,199.203
2e2mu,2012,195757,244623214,11,48.9512,24.3602,41.3829,-9.50027,48.0204,-0.19657,1.03876,-1,-11,41.8487,-30.9263,-27.5468,6.004,41.4158,0.144466,-2.41393,1,13,54.5145,52.3258,-13.8512,-6.4787,54.128,-0.119408,-0.258775,-1,-13,51.294,-21.2219,11.0964,-45.3604,23.9478,-1.39526,2.65981,1,89.4307,86.7934,186.73
2e2mu,2012,195552,793110394,-11,186.233,168.364,-37.2434,70.3516,172.434,0.397445,-0.217702,1,11,84.563,74.9045,38.7405,-6.27671,84.3297,-0.0743621,0.477311,-1,-13,279.057,-186.502,-3.28815,207.554,186.531,0.958867,-3.12396,1,13,198.315,-57.5069,5.05283,189.727,57.7285,1.90536,3.05395,-1,100.216,102.509,588.978
2e2mu,2012,195099,137440354,-11,21.2157,6.88989,-20.0607,0.455684,21.2109,0.0214819,-1.23997,1,11,10.9996,-7.73787,6.8663,-3.73783,10.3451,-0.353882,2.4158,-1,-13,60.1057,-10.7721,42.0162,-41.6087,43.3751,-0.852283,1.82177,1,13,91.5811,8.43019,-22.3229,-88.4178,23.8616,-2.02068,-1.20971,-1,75.5558,29.1933,126.477
2e2mu,2012,194619,132342073,-11,100.275,-33.9645,29.0119,-89.7768,44.6685,-1.44803,2.43468,1,11,52.7168,31.0233,-27.3382,-32.6993,41.35,-0.725462,-0.72234,-1,-13,61.4216,-40.7139,-20.0798,-41.3737,45.3963,-0.817309,-2.68341,1,13,50.8904,41.1678,19.0051,-23.1048,45.343,-0.489744,0.4325,-1,91.623,91.9518,188.223
2e2mu,2012,194480,955425019,-11,58.3119,-33.8434,-8.0411,-46.8001,34.7856,-1.10582,-2.90832,1,11,49.8773,18.4769,-2.88621,46.2387,18.701,1.63698,-0.154954,-1,-13,40.9817,-26.7266,30.688,-4.83919,40.6948,-0.118636,2.28731,1,13,37.1063,0.801996,-36.8483,4.29264,36.857,0.116206,-1.54903,-1,106.532,73.3989,180.834
2e2mu,2012,195115,18955331,11,99.4633,-53.8127,69.8133,46.0787,88.1459,0.501472,2.22748,-1,-11,43.033,17.174,30.7544,-24.7196,35.2248,-0.654114,1.06151,1,13,170.202,13.0949,-129.55,109.608,130.21,0.764957,-1.47006,-1,-13,18.5078,15.3254,9.97744,-2.84794,18.2871,-0.155112,0.577106,1,91.6119,95.4371,304.72
2e2mu,2012,195658,59123305,11,83.1624,69.4396,24.4767,38.6653,73.6272,0.503593,0.33889,-1,-11,28.6188,-25.3154,-12.0867,5.66369,28.0528,0.200547,-2.69615,1,-13,156.67,-4.14395,33.352,153.023,33.6085,2.22081,1.69441,1,13,17.5723,-0.586255,-16.8945,-4.7966,16.9046,-0.280069,-1.60548,-1,91.8123,89.9789,205.786
2e2mu,2012,196218,446438292,11,193.454,-19.3073,84.9565,172.725,87.1227,1.4358,1.79426,-1,-11,32.7055,19.7042,-15.6066,20.9244,25.136,0.757805,-0.66987,1,-13,137.024,-37.2738,-44.1624,124.241,57.7897,1.50872,-2.27181,1,13,181.507,42.2674,-4.69711,176.454,42.5276,2.13027,-0.110674,-1,92.9076,94.0122,227.73
2e2mu,2012,195304,393582426,-11,69.5906,-3.72096,45.584,52.4511,45.7356,0.981486,1.65224,1,11,73.3718,-12.3183,-43.3541,57.8973,45.0702,1.06903,-1.84763,-1,-13,49.4215,40.9699,-24.7568,-12.2899,47.8689,-0.254002,-0.543552,1,13,49.6671,-25.3682,21.3691,36.9679,33.169,0.960086,2.44155,-1,89.4386,94.6291,200.886
2e2mu,2012,195530,215099909,11,228.636,-105.806,50.6369,196.254,117.299,1.28711,2.69523,-1,-11,30.225,-28.8631,7.94599,-4.16342,29.9368,-0.138629,2.87295,1,13,346.241,159.832,176.832,251.132,238.36,0.91876,0.835851,-1,-13,64.2735,51.9877,2.09724,37.7353,52.03,0.673238,0.0403193,1,90.5259,92.4268,392.912
2e2mu,2012,195774,1162374710,-11,27.1004,-18.7246,-14.3586,-13.3286,23.5962,-0.538463,-2.48741,1,11,9.70067,-9.33282,2.46261,-0.967953,9.65225,-0.100115,2.88361,-1,-13,65.8806,-34.6707,3.74614,-55.8942,34.8725,-1.25047,3.03396,1,13,23.3923,17.3478,-14.8691,-5.01488,22.8481,-0.217762,-0.708613,-1,61.9349,14.8726,87.4615
2e2mu,2012,195915,426559109,11,316.795,61.5443,-28.6834,309.433,67.9002,2.22168,-0.436131,-1,-11,58.6805,-7.36524,-37.3611,44.6464,38.0801,0.998205,-1.76544,1,-13,61.1784,-46.6002,34.2156,20.0123,57.8125,0.339593,2.50826,1,13,116.673,17.8419,46.5644,105.48,49.8656,1.49403,1.20489,-1,91.173,92.36,274.442
2e2mu,2012,196453,1181788896,-11,170.55,-35.0895,-1.75338,-166.892,35.1332,-2.26225,-3.09167,1,11,24.1278,23.3858,3.79581,-4.56596,23.6918,-0.191549,0.16091,-1,-13,33.7215,25.3344,-16.5678,14.8595,30.2708,0.473043,-0.579156,1,13,75.6735,-15.2238,6.21144,-73.8655,16.4422,-2.20771,2.7542,-1,90.9728,91.4355,198.179
2e2mu,2012,195147,567117841,-11,109.149,-96.5139,5.32163,-50.6969,96.6605,-0.503003,3.08651,1,11,54.2189,5.25708,29.1247,-45.4291,29.5953,-1.21403,1.39222,-1,-13,113.531,84.3356,-66.0445,-37.6153,107.118,-0.344312,-0.66436,1,13,56.562,19.4054,19.1054,-49.5749,27.2321,-1.36033,0.777607,-1,91.4551,89.0752,277.991
2e2mu,2012,195915,1056539444,-11,28.667,25.3118,-13.3571,1.64275,28.6199,0.0573673,-0.485563,1,11,49.6706,-0.466344,11.1633,-48.3976,11.173,-2.17216,1.61255,-1,13,140.207,-51.1857,35.7035,-125.551,62.4076,-1.4489,2.53253,-1,-13,74.7066,18.2324,-20.2361,-69.564,27.2382,-1.66707,-0.83744,1,82.4166,57.6945,165.084
2e2mu,2012,194119,140486819,11,108.079,40.7012,0.404898,100.122,40.7032,1.63219,0.00994772,-1,-11,37.58,-24.6329,-26.6036,9.88588,36.2564,0.269395,-2.31775,1,-13,103.525,-67.8737,-24.5608,74.2113,72.1809,0.901126,-2.79439,1,13,46.3258,30.0843,-0.909614,35.2162,30.098,0.996658,-0.0302263,-1,91.6738,90.3901,189.823
2e2mu,2012,201191,1357605031,-11,100.071,-28.3953,64.1247,-71.3863,70.1303,-0.89398,1.98766,1,11,24.5916,-11.6694,-21.3972,-3.27565,24.3724,-0.133998,-2.07008,-1,-13,24.0013,-21.0535,-8.70326,7.5533,22.7815,0.325762,-2.7496,1,13,13.3035,-5.84821,-11.8388,-1.6165,13.2045,-0.122117,-2.02962,-1,80.8431,14.5162,128.583
2e2mu,2012,201625,845122892,11,120.663,-21.1482,115.669,-27.0728,117.586,-0.228251,1.75163,-1,-11,21.7849,17.3305,-6.25746,11.6224,18.4256,0.595037,-0.346499,1,-13,120.493,-18.8874,-105.261,-55.516,106.942,-0.49825,-1.74834,1,13,26.1353,25.7419,-1.04655,4.39357,25.7632,0.169721,-0.0406332,-1,89.8174,86.8228,281.273
2e2mu,2012,198212,221918655,11,76.6811,35.603,-67.8737,2.36037,76.6448,0.0307913,-1.0877,-1,-11,29.3146,3.19586,27.0504,-10.8355,27.2386,-0.387993,1.4532,1,-13,130.772,0.704673,56.7917,117.795,56.7961,1.47624,1.55839,1,13,22.9661,-8.71354,-21.2423,-0.522432,22.9599,-0.0227521,-1.96006,-1,92.4923,89.3945,233.772
2e2mu,2012,200600,82431995,-11,126.02,99.9814,-20.9845,73.7869,102.16,0.670815,-0.206882,1,11,43.3979,6.37124,-42.2648,-7.51501,42.7423,-0.174928,-1.42118,-1,13,145.055,35.0384,79.0324,116.478,86.4512,1.10698,1.15349,-1,-13,22.5592,-6.68007,-21.2078,3.80993,22.2349,0.170521,-1.87594,1,94.8643,97.3522,246.191
2e2mu,2012,202504,1394353502,-11,103.205,-16.7848,84.5925,-56.689,86.2416,-0.617358,1.76667,1,11,22.3049,-12.6286,-17.3146,6.18327,21.4307,0.284663,-2.20096,-1,-13,93.9431,79.6848,-14.7863,47.5078,81.0451,0.556947,-0.183473,1,13,24.2123,-18.5615,-8.09287,-13.2739,20.2491,-0.615858,-2.73044,-1,92.3538,88.3767,236.92
2e2mu,2012,202237,1294338754,11,77.2072,9.88106,-56.2171,-51.9899,57.0789,-0.816904,-1.39681,-1,-11,59.053,-16.2888,37.1673,-42.9013,40.58,-0.921251,1.98384,1,-13,153.654,-90.5906,-32.2861,119.836,96.172,1.04513,-2.79923,1,13,61.4462,-3.70083,37.9328,48.1978,38.1129,1.05668,1.66805,-1,95.4475,95.7003,328.306
2e2mu,2012,199574,176859852,11,120.135,-4.38595,60.9829,-103.413,61.1404,-1.29645,1.64259,-1,-11,103.064,24.7731,-29.5884,-95.5669,38.5899,-1.63846,-0.873746,1,-13,238.555,-36.9355,-42.1715,-231.874,56.0595,-2.12723,-2.2901,1,13,21.8006,-21.4697,3.14106,-2.10718,21.6982,-0.0969611,2.99632,-1,90.0168,93.9338,211.815
2e2mu,2012,202478,1037471026,-11,95.3681,-14.9113,33.2321,-88.1383,36.4241,-1.61702,1.99257,1,11,22.7721,4.43459,-18.3685,12.7082,18.8963,0.630015,-1.33391,-1,13,63.1196,8.52311,-25.1949,57.242,26.5975,1.50968,-1.24459,-1,-13,29.6874,5.25611,11.7942,-26.732,12.9124,-1.47462,1.15157,1,89.0883,85.5151,206.077
2e2mu,2012,202237,970333313,-11,63.3146,18.2535,-56.7952,-21.2097,59.6564,-0.348437,-1.25983,1,11,42.4042,10.2235,38.1818,-15.3543,39.5268,-0.379293,1.30918,-1,-13,79.3527,-58.7235,-10.3507,-52.357,59.6288,-0.792462,-2.96712,1,13,87.2122,19.3397,21.7474,-82.2131,29.1028,-1.76158,0.843931,-1,93.1781,89.1842,211.378
2e2mu,2012,201602,760006400,-11,178.434,21.9485,-75.6129,160.124,78.734,1.45862,-1.28829,1,11,15.9088,2.70546,-15.1085,-4.18381,15.3488,-0.269315,-1.3936,-1,-13,180.969,-55.6013,114.635,-128.519,127.407,-0.887529,2.0224,1,13,17.5988,16.2233,5.81277,3.56677,17.2332,0.205521,0.344048,-1,88.0787,67.9238,390.279
2e2mu,2012,199435,435603487,-11,90.3422,41.2355,26.398,-75.9242,48.9615,-1.22256,0.569438,1,11,27.5667,-11.9374,3.07736,-24.6566,12.3277,-1.44368,2.88929,-1,13,72.5888,-15.5383,-19.9496,-68.0418,25.2868,-1.71585,-2.23252,-1,-13,21.0021,-8.55187,1.07998,-19.1515,8.61979,-1.53864,3.01597,1,45.3742,14.8388,96.6096
2e2mu,2012,199877,414227757,11,63.5795,41.2423,-27.4609,-39.8411,49.5483,-0.735857,-0.587432,-1,-11,23.2996,1.83993,20.5673,-10.7921,20.6495,-0.501364,1.48158,1,13,35.633,4.50964,30.5744,-17.736,30.9052,-0.546302,1.42436,-1,-13,25.8905,15.3843,20.3009,4.63708,25.4716,0.181058,0.922312,1,55.5035,25.0896,109.823
2e2mu,2012,202237,622212607,11,71.1386,-32.1388,52.0722,36.2807,61.1916,0.562729,2.12376,-1,-11,35.8973,23.7845,-24.1086,11.9032,33.8663,0.344615,-0.792165,1,13,20.6655,13.2812,-6.80614,-14.2947,14.9236,-0.851257,-0.473568,-1,-13,30.5733,-5.58773,-11.7203,-27.679,12.9841,-1.50105,-2.01568,1,91.0123,21.4757,157.87
2e2mu,2012,198213,27000461,-11,19.9808,-18.1299,-5.92449,-5.95312,19.0733,-0.30726,-2.82575,1,11,46.6946,2.45478,9.31211,-45.6907,9.63023,-2.26106,1.31305,-1,-13,40.8539,5.63857,-37.3184,-15.6387,37.742,-0.403333,-1.42084,1,13,38.6629,23.4082,28.0725,-12.6015,36.5514,-0.338273,0.875753,-1,67.7953,39.0043,121.563
2e2mu,2012,202504,1134909166,-11,81.1448,-48.3962,-36.2188,54.1339,60.4483,0.805548,-2.49913,1,11,76.8212,35.2531,2.6012,68.2052,35.3489,1.41165,0.0736528,-1,13,44.5216,25.8095,33.4271,14.0947,42.2315,0.327845,0.913293,-1,-13,70.6188,-9.79481,-38.2059,58.5779,39.4415,1.18652,-1.82176,1,93.1854,87.7308,187.283
2e2mu,2012,199409,1023292406,-11,84.3265,9.26435,-64.6586,53.3328,65.319,0.7455,-1.42848,1,11,37.9524,-3.20181,32.9234,18.6061,33.0787,0.536386,1.66774,-1,-13,89.7762,-45.8625,31.4985,70.4574,55.6374,1.05778,2.53978,1,13,27.9653,26.5486,-8.18602,-3.19529,27.782,-0.114761,-0.299092,-1,91.7736,93.4507,194.901
2e2mu,2012,199569,346269360,-11,81.8897,-22.3004,-31.0792,72.4065,38.2521,1.39467,-2.19319,1,11,9.03785,8.32527,-2.24276,2.70974,8.62207,0.309323,-0.263145,-1,-13,62.0791,16.2644,56.7213,-19.2863,59.0071,-0.321291,1.29155,1,13,37.4933,-0.606246,-22.1897,30.2156,22.198,1.11521,-1.59811,-1,91.4199,36.3279,169.947
2e2mu,2012,199877,30975991,-11,179.385,-26.1963,46.2232,-171.337,53.1303,-1.88725,2.0864,1,11,23.6455,-23.5987,0.695815,-1.31431,23.6089,-0.0556412,3.11212,-1,13,167.601,67.0548,-2.57291,-153.581,67.1042,-1.56576,-0.0383515,-1,-13,243.643,-7.01773,-45.6417,-239.227,46.1781,-2.34724,-1.72336,1,94.3109,82.05,239.757
2e2mu,2012,199569,84956243,-11,165.88,-43.9171,-10.2337,159.633,45.0937,1.97666,-2.91266,1,11,10.2829,-4.95103,-9.01212,-0.0878864,10.2826,-0.00854703,-2.07316,-1,13,136.489,-66.2617,-93.1566,74.5692,114.319,0.613145,-2.18906,-1,-13,60.1677,-30.3074,-45.6693,24.8178,54.8108,0.438593,-2.15669,1,53.1056,14.0718,160.656
2e2mu,2012,202469,340674577,-11,119.024,-27.0429,-53.2316,-102.965,59.707,-1.31318,-2.04084,1,11,41.1676,27.3142,20.9911,-22.5406,34.4484,-0.614851,0.65524,-1,13,55.9462,-10.2779,54.7484,-5.19071,55.7047,-0.0930482,1.75637,-1,-13,56.7285,20.4281,-18.1541,-49.7115,27.3291,-1.35963,-0.726526,1,90.7698,94.1816,204.405
2e2mu,2012,200466,153791279,11,26.5579,-23.4586,7.12186,-10.2125,24.5158,-0.405374,2.84684,-1,-11,24.0504,-2.71281,18.033,15.6803,18.2359,0.778733,1.72011,1,-13,83.5879,-49.9077,60.1416,-29.6502,78.1523,-0.370832,2.26347,1,13,35.2439,11.6191,7.09282,32.5086,13.6129,1.60484,0.548065,-1,90.1462,34.8366,126.292
2e2mu,2012,202504,350555096,11,138.937,-55.7746,10.2341,-126.839,56.7058,-1.54478,2.96012,-1,-11,32.8163,-15.5464,22.5318,18.098,27.3747,0.620524,2.17476,1,13,147.091,25.2793,-55.9511,-133.665,61.3968,-1.52013,-1.14644,-1,-13,235.345,42.2768,24.9331,-230.171,49.0814,-2.24967,0.532854,1,91.4099,107.306,289.451
2e2mu,2012,202272,843269254,-11,26.6004,22.6547,1.98472,13.7987,22.7415,0.574617,0.0873842,1,11,47.0606,13.1286,-1.86149,45.1539,13.2599,1.93937,-0.14085,-1,13,357.202,-68.5959,89.3112,338.985,112.614,1.82165,2.22575,-1,-13,90.6381,-11.2814,-21.1977,87.3994,24.0127,2.00341,-2.05987,1,87.9582,25.8856,172.656
2e2mu,2012,201278,2073195431,11,125.232,-20.5221,-37.8188,117.608,43.0281,1.73055,-2.06797,-1,-11,44.0277,-22.865,32.8457,18.3519,40.0206,0.443845,2.17892,1,-13,77.0033,64.9925,-31.4855,26.7233,72.2174,0.362076,-0.451129,1,13,43.257,-13.4508,29.5928,28.5395,32.5062,0.792403,1.99741,-1,90.8656,93.5331,217.122
2e2mu,2012,203002,630169854,-11,104.381,-80.9524,14.7964,-64.2119,82.2935,-0.717195,2.96081,1,11,53.4882,8.24761,-29.5637,-43.8058,30.6926,-1.15372,-1.29874,-1,13,161.052,-29.1582,52.866,-149.307,60.374,-1.63717,2.07483,-1,-13,34.0359,-23.542,-19.332,-15.1815,30.4623,-0.479754,-2.45407,1,88.0386,84.2663,185.041
2e2mu,2012,202045,684580571,11,98.5579,-61.4289,-25.909,-72.5869,66.6692,-0.942766,-2.74246,-1,-11,35.5344,1.98662,-15.1975,-32.059,15.3268,-1.48391,-1.44081,1,13,79.9191,-37.8477,48.5511,-50.9647,61.5602,-0.754295,2.23294,-1,-13,75.2672,-46.3723,-23.2099,-54.5532,51.8565,-0.917671,-2.67754,1,72.2052,42.5067,136.477
2e2mu,2012,201278,1278946974,-11,81.6792,24.3154,12.7593,-76.9249,27.4598,-1.75369,0.483245,1,11,21.6461,2.07729,-10.7385,18.6795,10.9375,1.30479,-1.37971,-1,-13,208.263,-43.9311,-35.86,-200.394,56.7087,-1.97495,-2.457,1,13,130.916,20.4507,34.8263,-124.531,40.3869,-1.84451,1.03983,-1,94.4153,81.1352,221.318
2e2mu,2012,201278,1072952721,11,63.2606,30.5272,37.671,40.6312,48.4872,0.762049,0.889769,-1,-11,34.6622,-22.2291,-21.6641,-15.4272,31.0398,-0.478539,-2.36907,1,13,132.765,-9.83845,-60.6716,-117.681,61.4641,-1.40479,-1.73156,-1,-13,104.92,5.91613,24.2087,-101.917,24.9211,-2.11622,1.33111,1,92.89,83.2227,272.775
2e2mu,2012,202093,53125147,11,186.42,15.3862,60.0218,-175.821,61.9625,-1.76578,1.31986,-1,-11,113.855,18.9524,-36.6121,-106.129,41.2267,-1.67447,-1.09312,1,13,81.4439,-63.4493,3.53807,-50.9388,63.5478,-0.733903,3.08589,-1,-13,37.1951,22.509,-29.0127,-5.92246,36.7205,-0.160594,-0.910966,1,92.2873,94.5631,246.268
2e2mu,2012,194076,651520176,-11,51.5176,-2.12939,-18.165,-48.1618,18.2894,-1.69564,-1.68749,1,11,14.5632,10.1006,7.14055,7.68617,12.3697,0.587062,0.615369,-1,-13,64.9789,-56.0132,9.17763,31.6314,56.7601,0.531853,2.97919,1,13,28.1848,19.6181,13.8626,14.7422,24.0216,0.580541,0.615157,-1,68.3631,50.4313,156.115
2e2mu,2012,202272,1011698826,-11,69.8731,10.8487,-14.1889,-67.5517,17.8611,-2.04045,-0.91802,1,11,22.6838,16.2421,-2.57749,-15.6238,16.4453,-0.845606,-0.15738,-1,13,143.798,-9.54159,25.7152,-141.158,27.4283,-2.34076,1.9261,-1,-13,33.4933,-2.12538,-19.6616,-27.0314,19.7761,-1.11857,-1.67848,1,54.5144,25.1711,96.3386
2e2mu,2012,200075,451096187,-11,172.748,-22.1758,-42.68,165.917,48.0973,1.95178,-2.04999,1,11,180.15,-6.70543,-43.6059,174.665,44.1184,2.08472,-1.72337,-1,-13,138.497,70.9025,79.166,-88.8095,106.275,-0.760269,0.840407,1,13,36.4009,-21.8456,-2.43516,-29.0148,21.9809,-1.09059,-3.03058,-1,91.7208,16.1837,477.964
2e2mu,2012,194050,519488427,11,295.937,-67.2469,26.2261,-287.0,72.1801,-2.08891,2.76974,-1,-11,112.451,20.3354,-23.4654,-108.079,31.0508,-1.96041,-0.856736,1,13,302.973,63.1587,-11.9003,-296.077,64.27,-2.23225,-0.186236,-1,-13,126.962,-37.016,22.2813,-119.384,43.2046,-1.74079,2.59975,1,92.116,106.976,212.614
2e2mu,2012,202087,453984349,-11,30.6357,-9.34091,-10.4463,-27.2427,14.0135,-1.41833,-2.30039,1,11,10.8861,7.21796,5.68013,-5.84338,9.18493,-0.599611,0.666729,-1,13,42.545,28.2843,21.9715,-22.9633,35.8155,-0.603793,0.660441,-1,-13,48.1207,-17.1256,-17.9061,-41.2514,24.7773,-1.28288,-2.33392,1,62.8943,24.5387,89.0166
2e2mu,2012,202178,412076062,-11,176.417,-70.4461,12.1215,161.287,71.4814,1.55273,2.97119,1,11,84.9845,-4.28111,-50.1183,68.4995,50.3008,1.11557,-1.65601,-1,13,89.3104,75.6726,47.0485,6.03622,89.1061,0.0676902,0.55625,-1,-13,38.7363,11.2624,-31.9148,18.8439,33.8437,0.531423,-1.23155,1,92.2016,89.388,293.502
2e2mu,2012,201824,201387532,11,115.625,-69.2741,-30.3332,-87.4652,75.6241,-0.987876,-2.72887,-1,-11,37.0032,-8.20614,-34.7883,-9.57456,35.743,-0.264768,-1.80245,1,-13,105.298,82.3396,47.0393,45.7721,94.8288,0.465668,0.519037,1,13,134.235,29.0123,54.1315,119.361,61.416,1.41807,1.0788,-1,86.4414,60.2884,383.023
2e2mu,2012,202272,769186804,-11,77.961,-60.3889,33.7063,-35.9857,69.1588,-0.499325,2.63251,1,11,31.48,2.18547,-30.8111,6.07344,30.8885,0.195379,-1.49998,-1,13,71.252,60.2927,-36.1365,11.6525,70.2926,0.165021,-0.539943,-1,-13,35.4711,-4.67523,33.252,-11.4294,33.5791,-0.334123,1.71048,1,91.0392,87.673,214.1
2e2mu,2012,199833,933684749,-11,85.905,18.3463,61.584,-57.0131,64.2586,-0.799355,1.28126,1,11,35.8887,-34.8968,-5.8041,6.04381,35.3761,0.170024,-2.97678,-1,-13,81.5389,41.6583,-70.0598,-2.18963,81.5094,-0.0268603,-1.03435,1,13,11.9822,-7.8189,-2.21646,8.80425,8.12699,0.93909,-2.86536,-1,94.0772,48.3062,209.337
2e2mu,2012,201174,216745941,11,29.0968,21.7181,-18.6591,-5.1754,28.6328,-0.179781,-0.709781,-1,-11,17.5189,13.9578,2.43077,-10.3045,14.1679,-0.674901,0.172422,1,13,51.9009,-29.4324,-40.6069,-13.3603,50.1517,-0.263343,-2.19798,-1,-13,37.033,26.2934,26.0784,-0.0615322,37.0328,-0.00166156,0.781292,1,86.6496,19.9315,124.634
2e2mu,2012,200369,682768055,11,63.339,-62.5163,-8.96117,-4.8213,63.1553,-0.0762664,-2.99922,-1,-11,63.9772,5.20254,45.1022,-45.0756,45.4012,-0.876293,1.45595,1,13,72.6588,72.1765,-1.429,-8.23458,72.1906,-0.113821,-0.0197961,-1,-13,38.7315,-12.3007,-29.1488,22.3419,31.6379,0.657717,-1.97012,1,87.6851,95.5441,235.929
2e2mu,2012,196452,1315227994,-11,77.8546,73.7667,24.8343,-1.75324,77.8349,-0.0225232,0.324742,1,11,37.9055,-7.01721,-16.7062,-33.2939,18.1201,-1.36846,-1.96845,-1,13,279.719,-51.4121,-20.4717,-274.19,55.338,-2.30354,-2.76265,-1,-13,21.5141,-11.6567,-18.0374,-1.27164,21.4762,-0.0591773,-2.14453,1,87.4673,96.9605,276.642
2e2mu,2012,202178,739864564,11,71.3018,-51.3926,-18.7478,45.7304,54.7054,0.760487,-2.7918,-1,-11,29.7062,23.8532,7.10944,-16.2154,24.8901,-0.612464,0.289667,1,13,61.724,3.27461,-41.1261,45.9104,41.2562,0.958938,-1.49134,-1,-13,35.1733,10.6568,27.9622,-18.4852,29.9241,-0.583973,1.20668,1,90.9372,91.8564,187.414
2e2mu,2012,199021,1464344864,11,53.2019,7.41481,-47.3036,-23.1913,47.8812,-0.467171,-1.41531,-1,-11,49.8184,37.9054,24.0526,21.5992,44.8926,0.464271,0.565432,1,13,56.6781,-53.3272,-12.0463,-14.9499,54.6708,-0.270156,-2.91943,-1,-13,50.6508,10.3564,42.081,26.2188,43.3367,0.57311,1.32949,1,89.5328,92.9728,210.004
2e2mu,2012,201174,185135060,11,95.9583,40.1057,-86.9746,-5.91113,95.776,-0.0616791,-1.13873,-1,-11,42.7437,-11.6092,4.65162,-40.8732,12.5065,-1.9,2.7605,1,-13,95.4266,-46.8745,72.4766,40.6959,86.3138,0.455566,2.14489,1,13,35.8806,34.8815,8.11067,2.21441,35.8121,0.0617949,0.228461,-1,93.6064,97.2644,269.471
2e2mu,2012,199409,195577806,11,73.3829,-32.0413,7.42488,-65.5994,32.8904,-1.44117,2.91388,-1,-11,37.3866,-10.3471,-30.3562,-19.2146,32.0711,-0.568075,-1.8993,1,13,110.361,44.0725,18.2022,-99.5277,47.6834,-1.48199,0.391669,-1,-13,56.0328,-13.6435,-39.9919,-36.7989,42.2552,-0.787061,-1.89957,1,87.756,52.4772,160.54
2e2mu,2012,199409,299748959,11,83.8175,-5.61726,36.2335,75.3722,36.6663,1.46824,1.7246,-1,-11,36.7495,20.3891,11.547,-28.3104,23.4318,-1.02122,0.515296,1,13,83.9788,-53.2027,-48.202,43.5715,71.7911,0.57475,-2.40547,-1,-13,41.4845,17.1898,31.7342,20.455,36.0908,0.540117,1.07436,1,99.0981,100.367,216.238
2e2mu,2012,198269,177095997,11,138.529,82.7039,105.715,34.2755,134.222,0.252666,0.906925,-1,-11,82.1263,-5.19954,55.8003,60.0335,56.042,0.93085,1.66371,1,13,416.32,-80.5007,-229.921,-337.607,243.606,-1.12974,-1.90758,-1,-13,12.354,-2.10093,-10.8471,5.52611,11.0486,0.481357,-1.76211,1,93.2287,87.7534,598.988
2e2mu,2012,202973,779714361,11,128.958,-103.709,65.0192,-40.585,122.405,-0.32577,2.5816,-1,-11,56.1662,-47.979,-23.5587,17.2526,53.4509,0.317418,-2.68515,1,-13,496.672,90.2311,14.0383,488.205,91.3166,2.37818,0.154345,1,13,154.242,17.8923,-43.3002,146.955,46.8513,1.86079,-1.17895,-1,87.8328,94.86,567.962
2e2mu,2012,200369,48304581,-11,107.685,-53.0526,-39.816,-84.8306,66.3317,-1.06551,-2.49777,1,11,54.3442,-16.5282,42.4006,-29.7034,45.5082,-0.613491,1.94249,-1,13,91.203,71.9544,18.0751,53.0455,74.19,0.664908,0.24611,-1,-13,30.8103,-0.128804,-19.9897,-23.4448,19.9901,-0.998458,-1.57724,1,91.0348,94.0663,271.037
2e2mu,2012,200243,26763019,-11,74.4603,-34.3525,28.0828,59.7963,44.3705,1.10718,2.45628,1,11,31.8077,8.44812,-26.6865,-15.106,27.9918,-0.516398,-1.26421,-1,-13,203.332,33.8209,-53.5713,-193.21,63.3541,-1.83404,-1.00766,1,13,38.9025,-19.63,16.3369,-29.3455,25.5388,-0.982947,2.4475,-1,92.8584,86.941,297.315
2e2mu,2012,202299,340486709,-11,176.322,-37.2486,-128.147,115.241,133.45,0.781529,-1.85367,1,11,46.2282,-44.4078,-7.52719,10.4084,45.0413,0.229078,-2.97369,-1,13,119.381,-1.09205,91.8798,-76.2153,91.8863,-0.755502,1.58268,-1,-13,32.524,-8.47395,-18.0225,-25.7134,19.9153,-1.07304,-2.01031,1,93.0901,84.4944,357.088
2e2mu,2012,202299,627007942,11,81.4674,28.474,70.9334,-28.1891,76.435,-0.360911,1.18907,-1,-11,32.0367,-18.5758,-14.9796,-21.3752,23.8631,-0.805698,-2.46296,1,13,109.496,-8.73752,-25.43,-106.143,26.8892,-2.08188,-1.90175,-1,-13,66.3862,5.05631,-11.5173,-65.1837,12.5783,-2.34756,-1.15711,1,84.8396,14.2511,185.881
2e2mu,2012,202044,530312812,-11,82.9177,-37.0276,5.51313,-73.9858,37.4358,-1.433,2.99379,1,11,27.559,24.9259,-3.89959,11.0901,25.2291,0.426524,-0.155189,-1,13,39.1164,32.4666,6.21663,20.913,33.0564,0.596615,0.189188,-1,-13,54.3158,-20.486,-9.89155,-49.3222,22.749,-1.51638,-2.69176,1,90.0009,88.1218,182.313
2e2mu,2012,199699,415865014,11,53.3689,-48.8092,-16.305,-14.1435,51.4606,-0.271494,-2.81919,-1,-11,91.9453,18.8441,-1.05855,-89.9873,18.8738,-2.26586,-0.056115,1,-13,56.059,55.5166,2.88305,7.22425,55.5914,0.12959,0.0518848,1,13,44.0357,-32.7402,-14.181,25.8091,35.6794,0.6717,-2.73285,-1,91.0018,95.2553,233.018
2e2mu,2012,202178,58141565,-11,73.1799,32.9398,-64.9188,-7.47092,72.7975,-0.102447,-1.10125,1,11,29.4171,-1.9475,28.2506,7.96746,28.3176,0.277774,1.63962,-1,13,82.0546,-29.2532,32.004,69.6631,43.359,1.25251,2.31132,-1,-13,32.4275,22.2083,13.3432,-19.5008,25.9085,-0.695289,0.541023,1,90.6688,92.1081,209.543
2e2mu,2012,198955,1192523327,-11,163.565,-6.5958,-49.41,155.784,49.8483,1.8573,-1.7035,1,11,138.125,-2.43766,46.5324,130.028,46.5962,1.75004,1.62313,-1,13,593.985,-27.5322,172.876,567.603,175.055,1.89244,1.72873,-1,-13,251.238,-57.3906,38.9723,241.47,69.3724,1.96043,2.54505,1,87.8021,96.1166,253.252
2e2mu,2012,199812,306908284,-11,86.2182,-19.7786,-37.2795,-75.184,42.2013,-1.34145,-2.05858,1,11,9.23305,-2.11101,-8.24123,-3.58818,8.5073,-0.410177,-1.82156,-1,-13,67.1532,43.7373,37.9194,-34.0397,57.8864,-0.558546,0.714271,1,13,77.6738,-38.1382,-2.41831,-67.6228,38.2148,-1.33556,-3.07827,-1,96.6846,18.8309,157.516
2e2mu,2012,201707,565245444,-11,71.3158,-22.6627,66.7968,10.5133,70.5366,0.148502,1.89789,1,11,33.5311,26.8174,-20.0985,-1.10186,33.513,-0.0328725,-0.643155,-1,-13,67.8167,-42.2395,-53.0151,2.07974,67.7847,0.0306768,-2.24355,1,13,48.4375,42.8212,-10.587,-20.011,44.1105,-0.439382,-0.242378,-1,93.3076,95.6449,220.238
2e2mu,2012,198955,742912724,-11,149.654,78.3919,21.1156,125.719,81.186,1.22138,0.263115,1,11,15.4001,-5.99733,-9.0841,-10.8937,10.8853,-0.881923,-2.15431,-1,13,225.454,-66.5943,-26.4816,213.76,71.6664,1.81296,-2.76311,-1,-13,32.9268,2.68408,-32.6236,3.55807,32.7338,0.108484,-1.48871,1,93.1256,109.341,258.244
2e2mu,2012,194790,38426260,11,89.5331,-3.93507,84.0787,30.5198,84.1707,0.355085,1.61756,-1,-11,22.4112,2.37094,-19.1243,-11.4412,19.2707,-0.563422,-1.44745,1,13,68.1802,47.9753,-15.0736,-46.04,50.2876,-0.820369,-0.304428,-1,-13,127.307,-22.5594,19.7162,-123.731,29.9609,-2.12571,2.42335,1,89.1404,93.4101,257.669
2e2mu,2012,201613,9620116,-11,51.2402,36.8156,23.3881,26.8918,43.6164,0.582966,0.565956,1,11,106.662,15.3851,29.2051,101.425,33.0097,1.84116,1.08594,-1,-13,295.529,14.3139,-60.3293,-288.951,62.0042,-2.24352,-1.33784,1,13,153.313,9.3499,32.6474,-149.505,33.9599,-2.18795,1.29187,-1,88.8222,54.5601,515.341
2e2mu,2012,196218,794370838,11,53.3818,-24.5255,47.4055,-0.914297,53.3739,-0.0171292,2.04823,-1,-11,49.6176,37.4555,-16.6271,-27.9737,40.9802,-0.638366,-0.417784,1,-13,124.208,-56.5005,-12.1761,-109.941,57.7976,-1.39901,-2.92933,1,13,24.6497,23.3834,-7.79467,-0.241151,24.6483,-0.00978352,-0.321758,-1,92.3197,93.0584,208.728
2e2mu,2012,199754,504370493,11,94.7075,-49.1192,61.5934,52.5649,78.781,0.625613,2.244,-1,-11,23.3331,7.56642,-21.5949,-4.56534,22.8821,-0.198215,-1.23378,1,-13,50.0983,30.4911,-39.6676,2.56949,50.0323,0.051334,-0.915456,1,13,62.5387,11.62,41.1339,-45.6514,42.7437,-0.928668,1.29548,-1,91.1214,95.1606,226.866
2e2mu,2012,200091,1605749984,11,14.1546,11.1802,-8.48591,1.82908,14.036,0.129948,-0.649243,-1,-11,38.4288,-6.63377,4.672,37.5625,8.11384,2.23705,2.528,1,13,144.141,-20.4721,42.323,136.258,47.0142,1.78576,2.02133,-1,-13,17.331,9.24923,-12.4964,-7.65804,15.547,-0.47456,-0.933628,1,92.3019,34.3236,129.913
2e2mu,2012,200188,309219190,-11,90.7929,-64.378,-59.0553,-24.7245,87.3616,-0.279365,-2.39929,1,11,92.8272,3.50692,-46.5678,-80.2248,46.6997,-1.30985,-1.49563,-1,13,267.534,37.3929,70.8584,255.256,80.1195,1.87566,1.08522,-1,-13,61.7703,34.379,39.843,32.3447,52.6249,0.581326,0.858883,1,91.2226,88.5463,479.151
2e2mu,2012,201196,340900299,-11,157.941,-35.8646,24.021,-151.928,43.1657,-1.9711,2.55145,1,11,44.8224,34.2392,-4.22028,-28.6168,34.4983,-0.755548,-0.12264,-1,13,146.408,6.56971,-34.9634,-142.02,35.5753,-2.09279,-1.38506,-1,-13,37.3917,-18.2606,29.0334,-14.8909,34.2985,-0.421559,2.13223,1,90.1217,94.8126,187.577
2e2mu,2012,201196,134355928,11,79.7758,-31.3442,17.2048,-71.3142,35.7556,-1.44117,2.6396,-1,-11,32.15,26.11,-16.1147,9.6025,30.6825,0.308068,-0.55296,1,-13,50.2063,47.4411,9.31226,13.5383,48.3464,0.276491,0.193827,1,13,46.543,-37.1062,-22.8253,16.3821,43.5645,0.3677,-2.59012,-1,90.42,93.2227,205.801
2e2mu,2012,201202,290344628,11,414.158,14.2734,80.0831,-406.091,81.3452,-2.31091,1.39442,-1,-11,39.5958,10.1448,29.8923,-23.9032,31.5668,-0.698917,1.24361,1,-13,230.795,-10.2759,-73.2498,218.621,73.9671,1.80433,-1.71017,1,13,27.6372,-6.14816,-26.935,0.713109,27.6278,0.0258084,-1.79521,-1,91.1415,91.5038,680.2
