# Posterior de m_nu^2 (eV^2) de KATRIN (KNM2, prior plana en m^2>=0), digitalizada del PDF vectorial de la Fig. 8
# de KATRIN, Nature Phys. 18 (2022) 160, arXiv:2105.08533 (CC BY 4.0). Probabilidad por intervalo.
m2_lo,m2_hi,prob
0.00499,0.01496,0.01099
0.01496,0.02494,0.01129
0.02494,0.03491,0.01159
0.03491,0.04489,0.01179
0.04489,0.05486,0.01209
0.05486,0.06484,0.01239
0.06484,0.07481,0.01259
0.07481,0.08479,0.01289
0.08479,0.09476,0.01309
0.09476,0.10474,0.01329
0.10474,0.11471,0.01359
0.11471,0.12469,0.01379
0.12469,0.13466,0.01399
0.13466,0.14464,0.01419
0.14464,0.15461,0.01439
0.15461,0.16459,0.01449
0.16459,0.17456,0.01469
0.17456,0.18454,0.01489
0.18454,0.19451,0.01499
0.19451,0.20449,0.01509
0.20449,0.21446,0.01519
0.21446,0.23441,0.01529
0.23441,0.24439,0.01539
0.24439,0.28429,0.01549
0.28429,0.31422,0.01539
0.31422,0.33417,0.01529
0.33417,0.34414,0.01519
0.34414,0.35412,0.01499
0.35412,0.36409,0.01489
0.36409,0.37407,0.01469
0.37407,0.38404,0.01459
0.38404,0.39402,0.01449
0.39402,0.40399,0.01429
0.40399,0.41397,0.01409
0.41397,0.42394,0.01389
0.42394,0.43392,0.01379
0.43392,0.44389,0.01359
0.44389,0.45387,0.01329
0.45387,0.46384,0.01309
0.46384,0.47382,0.01289
0.47382,0.48379,0.01259
0.48379,0.49377,0.01229
0.49377,0.50374,0.01209
0.50374,0.51372,0.01179
0.51372,0.52369,0.01149
0.52369,0.53367,0.01129
0.53367,0.54364,0.01099
0.54364,0.55362,0.01069
0.55362,0.56359,0.01039
0.56359,0.57357,0.01009
0.57357,0.58354,0.00989
0.58354,0.59352,0.00959
0.59352,0.60349,0.00929
0.60349,0.61347,0.00899
0.61347,0.62344,0.00869
0.62344,0.63342,0.00839
0.63342,0.64339,0.00809
0.64339,0.65337,0.00789
0.65337,0.66334,0.00749
0.66334,0.67332,0.00729
0.67332,0.68329,0.00699
0.68329,0.69327,0.00670
0.69327,0.70324,0.00640
0.70324,0.71322,0.00620
0.71322,0.72319,0.00600
0.72319,0.73317,0.00570
0.73317,0.74314,0.00550
0.74314,0.75312,0.00520
0.75312,0.76309,0.00500
0.76309,0.77307,0.00480
0.77307,0.78304,0.00460
0.78304,0.79302,0.00430
0.79302,0.80299,0.00410
0.80299,0.81297,0.00390
0.81297,0.82294,0.00370
0.82294,0.83292,0.00350
0.83292,0.84289,0.00340
0.84289,0.85287,0.00320
0.85287,0.86284,0.00300
0.86284,0.87282,0.00290
0.87282,0.88279,0.00270
0.88279,0.89277,0.00260
0.89277,0.90274,0.00240
0.90274,0.91272,0.00230
0.91272,0.92269,0.00210
0.92269,0.93267,0.00200
0.93267,0.94264,0.00190
0.94264,0.95262,0.00180
0.95262,0.96259,0.00170
0.96259,0.97257,0.00160
0.97257,0.98254,0.00150
0.98254,0.99252,0.00140
0.99252,1.00249,0.00130
1.00249,1.01247,0.00120
1.01247,1.02244,0.00110
1.02244,1.04239,0.00100
1.04239,1.05237,0.00090
1.05237,1.07232,0.00080
1.07232,1.09227,0.00070
1.09227,1.11222,0.00060
1.11222,1.14215,0.00050
1.14215,1.17207,0.00040
1.17207,1.21197,0.00030
1.21197,1.26185,0.00020
1.26185,1.38155,0.00010
